participantid,income_mode,doc_pred,doc_anchor,doc_final
716,categorical,3.1335021756868717,0.10059797285302063,0.10203718900368706
717,categorical,8.3534241094950978,0.41219514897755366,0.41809226498108987
718,categorical,4.0122018380355708,0.12486971425827786,0.12665617679219182
719,categorical,4.5874096344458835,0.14075829995710634,0.14277207431948441
720,categorical,2.9851966750408145,0.096501427793430225,0.097882036263996483
722,categorical,3.1625085259214392,0.10139919614030619,0.10284987508155029
723,categorical,4.8895167077683226,0.21606749016444909,0.21915868387998227
724,categorical,4.3041670848113256,0.13293447776361658,0.13483631973867641
725,categorical,8.484770776382085,0.24841253706825553,0.25196647881516343
726,categorical,1.1158919904634486,0.044866857011391106,0.045508749719654525
727,categorical,2.4450042267806449,0.081580047969295771,0.082747182050427776
729,categorical,2.7586163700489852,0.10363560656649461,0.10511828096364706
730,categorical,2.1732667470919877,0.074074022737090683,0.075133771028677174
732,categorical,3.5590412280519113,0.11235235751869234,0.11395973908832499
733,categorical,2.4942726808918501,0.082940957992212572,0.0841275620848074
734,categorical,4.4275990638539255,0.13634395793623127,0.13829457802073644
736,categorical,4.0499652222008766,0.12591282731991002,0.12771421326751409
738,categorical,4.7006997869417981,0.18406621057057415,0.18669957440020307
739,categorical,4.738463171107103,0.23198432363220628,0.23530323330606928
740,categorical,2.7471113001030845,0.14349638103378137,0.14554932805934165
741,categorical,6.4113406926022849,0.19113954497347407,0.19387410425290189
742,categorical,1.7201061371083282,0.061556665997505158,0.062437333324810336
743,categorical,7.4383458555970421,0.21950783143832173,0.22264824478109727
744,categorical,6.3538704386627476,0.35696279632744393,0.36206972449996405
745,categorical,6.2759675147982268,0.18740022094086267,0.19008128316276854
746,categorical,8.0890804203379645,0.24417907183184306,0.24767244703482633
747,categorical,2.8719065225448999,0.093372088608533854,0.094707926838029782
748,categorical,1.6068159846124133,0.07182018395546591,0.072847687450427606
750,categorical,6.6379209975941151,0.19739822334326684,0.20022232310483531
751,categorical,6.8521882233432354,0.20331678564372752,0.20622555997884823
753,categorical,4.3547967342859604,0.1343329871885576,0.13625483709513087
754,categorical,4.276545527192706,0.17235007711827419,0.17481582277419946
755,categorical,6.202816902001528,0.21216534408091539,0.21520071130704319
759,categorical,7.184664890299457,0.22589342654049357,0.22912519611383739
760,categorical,4.128216429294131,0.12807430881876486,0.12990661824319746
762,categorical,3.9016361243023008,0.14860134473468634,0.15072732649443199
763,categorical,6.3916338228280534,0.20398805224621894,0.20690643013207044
764,categorical,2.7471113001030845,0.089924952462352797,0.091211473853005681
765,categorical,1.4060578650244311,0.052881917644451451,0.053638478714159138
766,categorical,6.8718950931174669,0.2038611355138398,0.20677769765126369
767,categorical,5.8071265459574057,0.2012354502730743,0.20411444775091406
768,categorical,1.9089230579348531,0.066772231305665786,0.067727515701421506
769,categorical,2.7471113001030845,0.089924952462352797,0.091211473853005681
770,categorical,6.2980505401063702,0.18801020578857769,0.19069999482693517
771,categorical,6.9580845853076276,0.20624189102784368,0.20919251371031999
772,categorical,2.6338211476071693,0.086795613277456399,0.088037364427038953
773,categorical,3.1376114070654633,0.10071147944198296,0.10215231948736027
775,categorical,0.14455611612374231,0.051518429458838048,0.052255483632309918
776,categorical,4.6811483459246812,0.31075829686368106,0.3152041951965755
777,categorical,1.9844498262654628,0.068858457428930028,0.069843588652065969
778,categorical,4.9257851653075839,0.17689073842499362,0.17942144555978373
779,categorical,2.3823437237593641,0.093242075352197529,0.094576053532499496
780,categorical,6.6559775119851876,0.21128984367764381,0.21431268545932608
781,categorical,1.7329724024176572,0.061912062360814035,0.062797814205942548
784,categorical,8.0316101663984263,0.98589518032866996,1
786,categorical,2.2299289917347154,0.075639166560787688,0.076721306757551747
787,categorical,7.9380268836767431,0.23331019101388595,0.23664806935774535
789,categorical,5.7076330665726447,0.17839792177844951,0.18095019160046671
791,categorical,4.3925601184512653,0.13537610025018973,0.1373128735704531
792,categorical,2.6715845317724742,0.087838726339088513,0.089095400902361177
793,categorical,3.2002719100867441,0.20958516634479546,0.21258361996954445
795,categorical,0.71840066913483924,0.060672930612671594,0.06154095468084643
797,categorical,6.1847603876104555,0.24514872374653845,0.24865597138309642
799,categorical,5.398652645065475,0.19664887360612002,0.19946225271185802
800,categorical,8.3337172397208654,0.32459722767886989,0.32924111422337843
801,categorical,4.5011104632116981,0.1383745148511859,0.14035418532531593
802,categorical,6.4671605911586632,0.19268142122662602,0.1954380395311309
803,categorical,7.5696925224840292,0.22313593381473795,0.22632825300997075
805,categorical,7.305348833326895,0.21583414238331303,0.21892199768271506
806,categorical,2.7599775654124139,0.090280348825661674,0.091571954734137886
807,categorical,3.3600824806787015,0.1269459369370991,0.12876210318299647
808,categorical,3.6723313805478268,0.14896383956073159,0.15109500739325168
809,categorical,2.8732677179083286,0.14698111658198662,0.14908391836644055
810,categorical,7.1165319125003696,0.21061857707515239,0.21363181530610387
811,categorical,2.3068169554287543,0.077762992086076135,0.078875517030271028
812,categorical,3.9642966273235811,0.13693931735178458,0.13889845501236026
813,categorical,5.3034190069606337,0.16053615475560062,0.16283288320983813
814,categorical,-0.43287722591915234,0.0020862261232642543,0.0021160729506444738
815,categorical,4.276545527192706,0.13217150568970276,0.13406243211944749
816,categorical,1.9227197310460067,0.073849756281651635,0.07490629608010882
817,categorical,3.0984868275367297,0.099630766978326624,0.10105614568996321
818,categorical,4.8895167077683226,0.14910320445016337,0.15123636612206232
819,categorical,3.7505825876410808,0.14442889248815785,0.14649518059314307
821,categorical,0.41078349102688594,0.025390109842479941,0.025753356288865908
824,categorical,6.3695507975199108,0.18998521025564677,0.19270325491631982
828,categorical,5.0210188034124261,0.15273560013265591,0.15492072907967572
829,categorical,0.41078349102688594,0.058872252699622797,0.059714515167825881
830,categorical,5.1720723400736457,0.45155090952204158,0.45801107311581246
831,categorical,-0.37621498127642466,0.0036513699469612579,0.0037036086795190467
832,categorical,5.7472801364839583,0.1727966380780129,0.17526877250825723
833,categorical,0.10867641770444614,0.017045205349422915,0.017289064486288003
834,categorical,0.46197326089180701,0.026804091103648262,0.027187566831103207
835,categorical,2.05075983459726,0.0706900950677882,0.071701430819676074
836,categorical,0.020283384064507248,0.014603582862849785,0.014812510654511323
837,categorical,2.1134203376185408,0.072420924827743566,0.073457022889188331
838,categorical,4.7115179395584637,0.15757931898167585,0.15983374513418688
839,categorical,1.0689118462993308,0.04356915546535288,0.044192482461297901
840,categorical,4.9077286509165106,0.14960626094775953,0.151746619653709
841,categorical,5.2656556227953288,0.1594930416939685,0.16177484673451589
842,categorical,1.811313264296101,0.064076020334686554,0.064992731086610439
843,categorical,6.162677362302313,0.18427088175596631,0.18690717373680185
844,categorical,3.9940136404176694,0.12436731366780827,0.12614658855148037
845,categorical,3.8051967195911445,0.11915174835964763,0.12085640617486917
846,categorical,1.8490766484614058,0.065119133396318682,0.066050767561932677
847,categorical,5.7472801364839583,0.38708235236372718,0.3926201893336011
848,categorical,2.2299289917347154,0.075639166560787688,0.076721306757551747
849,categorical,-0.34448419227921345,0.0045278486098373847,0.0045926267824211555
850,categorical,6.1807338766933864,0.18476964494748616,0.18741307253970865
851,categorical,3.8051967195911445,0.11915174835964763,0.12085640617486917
852,categorical,-0.2330777255293075,0.034390870271088197,0.034882887103295547
853,categorical,0.26576254953375977,0.021384291994707427,0.021690228759997082
854,categorical,2.3528669079196995,0.079034999560845226,0.080165722622253979
855,categorical,1.89970629793604,0.066517642821259687,0.067469284918387121
856,categorical,2.7742967289061475,0.090675877637554608,0.091973142223218701
857,categorical,1.664368959013472,0.060017074677120343,0.060875715668994676
858,categorical,0.26576254953375977,0.021384291994707427,0.021690228759997082
859,categorical,5.8228069048145681,0.17488286420127716,0.17738484545890171
861,categorical,1.4755520381869471,0.054801509368959701,0.055585533292383485
862,categorical,6.0296803400321659,0.18059719270095762,0.18318092663841967
863,categorical,3.9365433864781325,0.12277985073606384,0.12453641440374266
864,categorical,0.45594066572371306,0.026637456704892259,0.027018548458683078
865,categorical,2.0001301851226256,0.069291585642847195,0.07028291346322163
867,categorical,0.033149649373836132,0.014958979226158658,0.015172991535643528
868,categorical,4.1450671770788894,0.12853976591433677,0.13037873445276932
870,categorical,1.7486527612748202,0.062345190574731174,0.063237139017098168
871,categorical,5.0013119336381937,0.16558410740540075,0.16795305495884422
872,categorical,1.1039507917019913,0.044537013151394432,0.045174186911581246
873,categorical,5.6252329500573053,0.18951469483305566,0.19222600801220749
878,categorical,4.9257851653075839,0.18358716699642219,0.18621367733557573
879,categorical,7.5696925224840292,0.22313593381473795,0.22632825300997075
880,categorical,0.59960041185341084,0.057391389436354863,0.058212465768645076
881,categorical,1.0601548123685924,0.043327265691006298,0.043947132063838872
882,categorical,0.60563300702150458,0.030772309549396578,0.031212557037897222
884,categorical,1.7357864959654909,0.068686222782850859,0.069668889911757945
885,categorical,0.70741808957151897,0.08045885177300828,0.081609945335350501
886,categorical,1.5847329593042712,0.091299484822036647,0.092605671113636989
887,categorical,0.86394410101054553,0.1718360380106369,0.17429442950857266
888,categorical,0.70741808957151897,0.073762423201579705,0.074817713559558505
889,categorical,0.36015384155225194,0.050777314703253223,0.051503766035579442
890,categorical,-0.47064061008445734,0.0010431130616321256,0.0010580364753222354
892,categorical,5.2853624925695613,0.16003739156408081,0.16232698440693138
893,categorical,0.29749333853097104,0.022260770657583556,0.022579246862899194
894,categorical,0.44854687519219083,0.026433222904112066,0.026811392764188143
895,categorical,5.7275732667097268,0.17225228820790062,0.17471663483584179
896,categorical,1.8619429137707351,0.085563815473913285,0.086787943770440884
897,categorical,1.3493956203817032,0.051316773820754447,0.052050942985284565
898,categorical,1.0661874075366864,0.043493900089762304,0.044116150436259008
899,categorical,4.9832554192471203,0.21865677278530948,0.22178501036227341
900,categorical,0.53010623869089457,0.028686083426132322,0.029096484087252746
902,categorical,0.37302010686158082,0.024346996780847809,0.024695319813543667
903,categorical,4.7944384984205959,0.17995906462000599,0.18253366910670227
904,categorical,1.4060578650244311,0.052881917644451451,0.053638478714159138
906,categorical,4.2386504598005716,0.13112475522912084,0.13300070620632054
908,categorical,5.1343089559083408,0.18265065360326657,0.18526376560881039
909,categorical,0.3333730369502671,0.050037566195570114,0.050753434233129106
910,categorical,5.5206998314921281,0.19332367399393441,0.19608948075949179
911,categorical,3.8051967195911445,0.11915174835964763,0.12085640617486917
912,categorical,4.3925601184512653,0.13537610025018973,0.1373128735704531
913,categorical,1.1417141758672964,0.052276554784455129,0.053024455162695473
914,categorical,4.3519406122964872,0.16103980869973153,0.16334374273545524
915,categorical,1.7081649383468707,0.29560182213750846,0.29983088266945684
918,categorical,2.8875868814020631,0.093805216822451007,0.09514725164918543
919,categorical,4.4363560977846639,0.17006799056772071,0.17250108729715544
920,categorical,4.3338840979054138,0.16723747407964026,0.16963007570834046
921,categorical,3.2757986784173543,0.13131424961091687,0.13319291161068497
922,categorical,4.2764138439658774,0.132167868290753,0.13405874268164281
924,categorical,0.19023578120314988,0.032690923014300315,0.0331586193609366
925,categorical,1.0601548123685924,0.043327265691006298,0.043947132063838872
926,categorical,5.2098357242389506,0.15795116544081655,0.16021091145628691
927,categorical,7.9002634995114391,0.23226707795225385,0.23559003288242314
928,categorical,4.5604644028972441,0.14001400959229018,0.14201713568131394
929,categorical,4.6056215775940714,0.22161849931184535,0.22478910916063502
930,categorical,0.86997669617863926,0.038074100980821472,0.038618812365152883
932,categorical,6.633894486677046,0.19728700168707169,0.20010951024357551
933,categorical,-0.43287722591915234,0.0020862261232642543,0.0021160729506444738
934,categorical,0.56786962285619946,0.04312205363062159,0.043738984114158969
935,categorical,1.4714428068083563,0.061384431351425968,0.062262634584502291
936,categorical,1.8084991707482674,0.070694717055506853,0.071706118932379007
938,categorical,1.2550043283632113,0.14915589396935153,0.15128980944975012
939,categorical,5.9360970573104828,0.25836934624331642,0.2620657361943724
942,categorical,1.2172409441979062,0.04766635233629081,0.048348296337547947
944,categorical,4.3897039964617921,0.13529720747564938,0.13723285210760952
946,categorical,0.033149649373836132,0.014958979226158658,0.015172991535643528
947,categorical,0.49234285452558968,0.027642970364500197,0.028038447611930511
948,categorical,6.1249139781370072,0.18322776869433416,0.18584913726147959
949,categorical,1.7357864959654909,0.06198979421142229,0.062876658135965963
950,categorical,4.2583573295748041,0.13166910509923316,0.13355284387873603
953,categorical,1.2112083490298124,0.074285432223249098,0.075348205068295801
954,categorical,2.1262866029278698,0.072776321191052443,0.073817503770320536
955,categorical,2.4661570604156147,0.095557195888598734,0.096924295599804672
956,categorical,0.75668654368272437,0.034944761795925088,0.035444702939186168
957,categorical,2.3966628872530986,0.080244747021233354,0.081392777469996347
958,categorical,0.86809301043263021,0.038022069171461607,0.038566036156892573
959,categorical,1.7735498801307958,0.063032907273054412,0.063934694611288187
960,categorical,0.74518147373682386,0.034626964834640402,0.035122359380128768
961,categorical,2.4721896555837084,0.082330973144497596,0.083508850420640809
962,categorical,1.89970629793604,0.079910499964116824,0.081053748469971112
963,categorical,1.0601548123685924,0.043327265691006298,0.043947132063838872
964,categorical,2.4344262714184035,0.081287860082865468,0.082450813945318571
965,categorical,1.2826258859818314,0.10304386604326533,0.10451807463843507
966,categorical,6.2225237717757604,0.65467397966531338,0.66404014618173035
968,categorical,0.29202086375316427,0.022109608095054873,0.022425921676261919
969,categorical,6.1052071083627766,0.1826834188242219,0.18529699958906418
971,categorical,4.888021781142279,0.14906191107764724,0.15119448198129354
973,categorical,6.633894486677046,0.4383584302585003,0.44462985417208734
975,categorical,0.033149649373836132,0.014958979226158658,0.015172991535643528
976,categorical,-0.50840399424976224,0,0
977,categorical,5.6810528486136835,0.17096728537192191,0.17341324796306051
979,categorical,4.9077286509165106,0.22326697523347383,0.22646116918742096
980,categorical,1.5975992246136004,0.058172738328202661,0.059004993115809222
981,categorical,0.68252097071554285,0.046288992217542166,0.046951230862200488
982,categorical,6.200440746467617,0.21209970910331269,0.21513413731529205
985,categorical,4.2764138439658774,0.13886429686218157,0.1408509744574348
986,categorical,-0.24406030509262749,0.0073017914314248925,0.0074062553272556614
987,categorical,0.63189132124090897,0.031497625649744024,0.03194824995416206
988,categorical,0.25425747958785927,0.021066495033422745,0.021367885200939681
989,categorical,3.7099630814863023,0.15000331522341392,0.15214935443076921
990,categorical,0.21649409542255427,0.12046981054321919,0.12219332536249737
991,categorical,5.8228069048145681,0.17488286420127716,0.17738484545890171
992,categorical,1.8490766484614058,0.071815561967747257,0.072842999337724673
994,categorical,5.7188162327789884,0.17201039843355403,0.17447128443838275
997,categorical,-0.080140503122078655,0.011829640041262279,0.011998882109676819
998,categorical,7.7492099628502187,0.25488033999143955,0.25852681408430211
1001,categorical,5.3411823911259386,0.16157926781723275,0.16389091968516037
1002,categorical,1.8241795296054302,0.064431416697995444,0.065353211967742658
1003,categorical,3.7854898498169121,0.11860739848953532,0.1203042685024537
1004,categorical,3.8611483013743513,0.2010544048688922,0.20393081220040682
1005,categorical,4.3230659452887483,0.13345650852568144,0.13536581899222874
1006,categorical,1.5193480175203462,0.056011256829347843,0.05681258814012586
1007,categorical,2.834143138379595,0.099025404118330301,0.10044212213849954
1008,categorical,6.9851852456133816,0.24047261755587901,0.24391296595619033
1009,categorical,5.4632295775525916,0.23191478249076142,0.23523269726650606
1010,categorical,4.2205939454094992,0.1574117063233153,0.15966373450658175
1011,categorical,5.0371916320574899,0.15318233151481589,0.15537385167432219
1012,categorical,5.4544725436218533,0.19149432128784341,0.19423395621429507
1014,categorical,4.7944384984205959,0.14647692176286314,0.14857251022774229
1016,categorical,6.4073141816852157,0.29817118046013602,0.30243699980431393
1018,categorical,5.1901288544647191,0.18419252985641854,0.18682770088703943
1019,categorical,0.095810152395117254,0.016689808986114042,0.016928583605155798
1021,categorical,3.7854898498169121,0.15878596991810673,0.16105765915720566
1022,categorical,5.8786268033709463,0.17642474045442913,0.17894878073713075
1023,categorical,4.2583573295748041,0.13166910509923316,0.13355284387873603
1024,categorical,2.420107107924669,0.10767804555668681,0.10921855355940573
1025,categorical,5.0965455717430359,0.18160754054163444,0.18420572913348815
1026,categorical,0.30488712906249327,0.02246500445836375,0.022786402557394128
1027,categorical,2.2078459664265733,0.075029181713072698,0.076102595093385142
1030,categorical,4.9832554192471203,0.15169248707102376,0.15386269260435345
1033,categorical,1.1794775600326013,0.066712524988944394,0.067666955189601696
1034,categorical,5.7653366508750317,0.17999182984096132,0.18256690308695603
1036,categorical,8.5422410303216232,0.30357142857142855,0.30791450716923707
1037,categorical,0.53146743405432306,0.028723682828156516,0.029134621409327554
1038,categorical,1.89970629793604,0.093303357106973975,0.094638212021555104
1040,categorical,2.2456093505918782,0.10955443763184769,0.11112179044766736
1041,categorical,6.9203212011423227,0.29894877796621155,0.30322572209608567
1043,categorical,3.8429601037564494,0.12019486142127975,0.1219144426501914
1045,categorical,1.0850519312245686,0.044014982389329556,0.044644687658028905
1046,categorical,0.10867641770444614,0.017045205349422915,0.017289064486288003
1047,categorical,2.4344262714184035,0.081287860082865468,0.082450813945318571
1048,categorical,1.7836917066774809,0.13027733397505845,0.13214116122530148
1049,categorical,1.5193480175203462,0.056011256829347843,0.05681258814012586
1050,categorical,2.5697994492224598,0.085027184115476814,0.086243635035451863
1051,categorical,2.6844507970818037,0.088194122702397418,0.08945588178349341
1052,categorical,4.0526896609635203,0.15277379698121485,0.15495947239572094
1053,categorical,6.8070310486464072,0.46323015306702942,0.4698574070649188
1054,categorical,6.0714702351145409,0.18175152741878495,0.18435177597500177
1055,categorical,2.9446852548603468,0.095382407544859979,0.09674700662707586
1056,categorical,2.5697994492224598,0.085027184115476814,0.086243635035451863
1057,categorical,8.0890804203379645,0.26426835754612876,0.26804914236220229
1058,categorical,1.6445793687777182,0.059470439874240895,0.060321260374165853
1059,categorical,7.645219290814639,0.25200787422371645,0.25561325306378319
1060,categorical,1.4935258321164984,0.055297987627712375,0.056089114472876893
1061,categorical,0.41078349102688594,0.025390109842479941,0.025753356288865908
1062,categorical,-0.15566727145268866,0.0097434139179980225,0.0098828091590323422
1063,categorical,6.2783436703321378,0.18746585591846537,0.19014785715451971
1064,categorical,1.5092061909736612,0.055731115841629535,0.05652843928403254
1065,categorical,-0.080140503122078655,0.025222497184119421,0.025583345661260807
1067,categorical,8.8817841970012523e-15,0.014043308318620301,0.014244220479847212
1068,categorical,7.6917397089106814,0.22650716277398086,0.22974771283339643
1069,categorical,2.261659780731927,0.076515645223663817,0.077610324860453855
1073,categorical,1.9217893232441821,0.067127627668974663,0.068087996582553725
716,continuous,4.4063666437213564,0.14164687291786737,0.1437530424222617
717,continuous,7.0622449196032093,0.37523406336431786,0.38081347733222204
718,continuous,3.4010436761868132,0.11659725675170469,0.11833095959602284
719,continuous,3.8043007443779771,0.12664520661527295,0.12852831399742795
720,continuous,2.3549536304448879,0.090531847955423128,0.091877980160196465
722,continuous,4.7871158544049637,0.15113399485897239,0.15338122986312125
723,continuous,4.1963038838153626,0.2033770282318953,0.20640107306912045
724,continuous,5.9253788090412245,0.17949607453942179,0.18216502974164944
725,continuous,8.754931768922793,0.25,0.25371728909542463
726,continuous,2.4180152130618633,0.09210315239230471,0.093472648568473288
727,continuous,3.8561083982411737,0.12793609709092291,0.129838398925432
729,continuous,2.0609512758668491,0.09659905317152781,0.098035399599459255
730,continuous,3.7900262010927115,0.12628952805048288,0.12816734679243641
732,continuous,2.8130389670307356,0.10194595289819978,0.10346180321432438
733,continuous,1.7179485288591372,0.074659602114126131,0.075769727413356455
734,continuous,3.9400479929132182,0.13002761861741755,0.13196101961257978
736,continuous,3.4500440686164864,0.11781819873949678,0.11957005596116438
738,continuous,3.951301921666996,0.17048660400722057,0.17302159598318861
739,continuous,4.0003023140966691,0.21858254599501267,0.22183268405372231
740,continuous,4.2481115376785592,0.1912750615646881,0.19411916036701243
741,continuous,5.1718942738030629,0.1607215125286251,0.16311130583231634
742,continuous,3.2020214919366339,0.11163822419697794,0.11329819041073792
743,continuous,6.2179843195449882,0.18678692132490668,0.18956428526814273
744,continuous,6.6195791609742809,0.36420416779677545,0.36961957652261201
745,continuous,5.0949193144531062,0.15880352870811107,0.1611648032104375
746,continuous,6.7192421725954974,0.20597318373548762,0.20903583121488689
747,continuous,2.2079524531558685,0.086869021992046908,0.088160691064771854
748,continuous,3.0550203146476145,0.12136825537645887,0.12317289894542535
750,continuous,5.4658966283811017,0.16804716445537757,0.17054588402316556
751,continuous,6.9796637127007823,0.20576567447825361,0.20882523647005641
753,continuous,4.5603271583620657,0.14548310457778127,0.14764631561064329
754,continuous,3.7440464231945256,0.16532242209482068,0.16778062704234972
755,continuous,6.4235775912555884,0.2186953998456071,0.2219472159458695
759,continuous,7.6975877944270907,0.23704703438534402,0.24057172380943756
760,continuous,4.2663248037840269,0.13815745265102883,0.14021173741979406
762,continuous,3.9723224492059881,0.15761751500999063,0.15996115448916889
763,continuous,6.668579553403954,0.21140725264171037,0.21455070014146518
764,continuous,4.2481115376785592,0.13770363299325952,0.1397511698465643
765,continuous,0.74771257702128535,0.050484248552123107,0.05123490673865716
766,continuous,5.4829784330998912,0.16847279150802549,0.1709778397910196
767,continuous,4.3878879949282927,0.16797215500966614,0.17046975925027574
768,continuous,3.4470234540849995,0.11774293413593835,0.11949367223644564
769,continuous,4.2481115376785592,0.13770363299325952,0.1397511698465643
770,continuous,5.0248930965140435,0.15705868656524885,0.15939401673689169
771,continuous,7.4035854398490519,0.2163285253157344,0.21954514798847627
772,continuous,4.1011103603895398,0.1340408070298833,0.1360338807511397
773,continuous,3.3240634188664591,0.11467914092174775,0.11638432300183205
775,continuous,0.27877482906578877,0.07228187710744155,0.073356647641714803
776,continuous,3.3686516506607678,0.28320085945987106,0.28741181732661125
777,continuous,3.5450242389443458,0.12018481811152251,0.12197186496672872
778,continuous,5.2083396772693709,0.18841533634464372,0.19121691344546254
779,continuous,2.3440555702729959,0.10365315830876334,0.10519439332911329
780,continuous,7.0115823004116669,0.21995384655625494,0.22322437469745599
781,continuous,1.787969448827802,0.076404312247545403,0.077540379914590271
784,continuous,8.1669270597667154,0.98534869614649512,1
786,continuous,1.3749457818514252,0.066113008199581602,0.067096052857365696
787,continuous,6.5232406028768049,0.19439298721289075,0.19728344693926472
789,continuous,4.1810393118103484,0.14272882399460729,0.14485108119875903
791,continuous,4.6093275507917388,0.14670404656557337,0.14888541197578484
792,continuous,4.1501107528192129,0.13526174901767538,0.13727297711628123
793,continuous,4.8361162468346368,0.25949779398962158,0.26335630726915904
795,continuous,0.73686016565163626,0.076999553478789617,0.078144471880786687
797,continuous,4.8778919192250241,0.21366371774472981,0.21684071697697127
799,continuous,4.2996591068245573,0.17247018579934908,0.17503467196318018
800,continuous,8.5589301992041005,0.32547337490597456,0.33031288941553066
801,continuous,4.7673817942045558,0.15064228159926993,0.15288220524206533
802,continuous,6.7665803382633003,0.20045627947443739,0.20343689524163625
803,continuous,7.9106711688645728,0.22896357224630312,0.23236806740774571
805,continuous,7.56766842185686,0.22041697833175855,0.22369439285175491
806,continuous,2.8340594945697273,0.10246972104382696,0.10399335935041663
807,continuous,4.7003689982993953,0.16906181055890557,0.17157561705827901
808,continuous,2.960040144319755,0.13909092171871887,0.14115908638502908
809,continuous,2.9810606718587467,0.15970397557863178,0.16207863896628941
810,continuous,7.3226664597084943,0.21431226839279818,0.21749891102604724
811,continuous,2.2460547854136497,0.087818417190322046,0.089124202968718175
812,continuous,5.4843752771741654,0.18190045379215022,0.18460516008548761
813,continuous,5.6983436015661022,0.17383904193685021,0.17642388183665386
814,continuous,1.1366951019271836,0.060176519850901285,0.061071293935070714
815,continuous,3.7440464231945256,0.12514385066624925,0.12700463415201363
816,continuous,3.3871759482560746,0.12294814336997002,0.12477627854057759
817,continuous,2.5019548077339073,0.094194673918799363,0.095595269255621076
818,continuous,4.1963038838153626,0.13641274251760957,0.13844108491856028
819,continuous,3.7763208794872956,0.15273374705882231,0.15500476902860272
821,continuous,0.80065169227116106,0.051803331632894432,0.052573603472036927
824,continuous,6.7386057713430159,0.19975923764171541,0.20272948898489893
828,continuous,3.809655182527826,0.12677862306428547,0.12866371423648473
829,continuous,0.80065169227116106,0.085285474490037289,0.086553597547317007
830,continuous,4.0056567522465185,0.42630524815831095,0.43264404755951563
831,continuous,-1.2783853173141027,0,0
832,continuous,4.4089138204376814,0.14171034087902198,0.14381745409845595
833,continuous,0.40864855283377599,0.042035795730557816,0.042660832550904609
834,continuous,-0.477297233720543,0.019960698857321185,0.020257497610118684
835,continuous,2.2989991986339229,0.089137632280536311,0.090463033674409929
836,continuous,1.7246998110832612,0.074827823704406202,0.075940450316769173
837,continuous,3.8110520266021011,0.12681342820555302,0.12869903690084067
838,continuous,3.6945725929496902,0.13730396917891047,0.1393455633684596
839,continuous,1.0249889954624214,0.057393140597942309,0.058246528180729916
840,continuous,3.6626540052388066,0.12311579710090921,0.12494642514106008
841,continuous,5.6493432091364291,0.17261809994905811,0.17518478547151231
842,continuous,3.4190488871647151,0.11704589230321637,0.11878626597970833
843,continuous,4.9479181371640859,0.15514070274473482,0.15744751411501287
844,continuous,2.7635651367859007,0.10071321426800389,0.10221073480065834
845,continuous,2.518563174637535,0.094608504329043497,0.096015252974950643
846,continuous,3.4680492795943882,0.11826683429100847,0.12002536234484988
847,continuous,4.4089138204376814,0.35599605516473626,0.36128941618024846
848,continuous,1.3749457818514252,0.066113008199581602,0.067096052857365696
849,continuous,-0.17935615632230206,0.027384491877052882,0.027791676169206133
850,continuous,6.4936038091946511,0.19365452770275504,0.19653400715919125
851,continuous,2.518563174637535,0.094608504329043497,0.096015252974950643
852,continuous,-0.21122909523094269,0.053376028658092219,0.054169685175243405
853,continuous,-0.44537864600965937,0.020756013792465305,0.021064638207406162
854,continuous,2.691002338071308,0.098905168182872927,0.10037580459554225
855,continuous,2.1029976289152303,0.084253864329368003,0.085506648213843781
856,continuous,2.1799778862355854,0.086171980159324979,0.08745328480803459
857,continuous,2.1407440925911247,0.085194392355928447,0.086461161098712519
858,continuous,-0.44537864600965937,0.020756013792465305,0.021064638207406162
859,continuous,4.5069146052970277,0.14415222485460616,0.14629564682873905
861,continuous,1.8957421304427591,0.079089682416968066,0.080265679273004834
862,continuous,6.2976022394759585,0.18877075975158675,0.19157762169862511
863,continuous,4.2112500239571187,0.13678515525043991,0.1388190351145536
864,continuous,0.57273153484158446,0.04612424874658199,0.046810077414183277
865,continuous,3.6640508493130817,0.12315060224217678,0.12498174780541604
867,continuous,0.31064776797442972,0.039593911754973662,0.040182639820621535
868,continuous,2.9595667065045932,0.1055969822191722,0.1071671202612245
870,continuous,1.9069960591965378,0.079370096378199695,0.080550262753277618
871,continuous,5.3063404621287171,0.17746436317737074,0.18010310854563361
872,continuous,0.35570943758390028,0.040716712649786491,0.041322135817524842
873,continuous,4.5936614614025961,0.16640298058324443,0.16887725252391741
878,continuous,5.2083396772693709,0.19511176491607229,0.19801291226051856
879,continuous,7.9106711688645728,0.22896357224630312,0.23236806740774571
880,continuous,1.0456536544195263,0.084693755857569095,0.085953080557968672
881,continuous,1.356737813716355,0.065659320551255229,0.066635619256447912
882,continuous,-0.0043751141426011664,0.031744491682594002,0.03221650549368002
884,continuous,3.3210481023053688,0.1213004368990608,0.12310407206448128
885,continuous,2.3297863249581283,0.13677975461055908,0.13881355417171382
886,continuous,3.1250465325866763,0.14320238323360676,0.14533168186413917
887,continuous,1.3886564014272382,0.20038320691497075,0.20336273615485567
888,continuous,2.3297863249581283,0.1300833260391305,0.1320175553566578
889,continuous,2.1657033429503194,0.11260201588024919,0.1142763128632671
890,continuous,1.0876947094975105,0.058955577863109211,0.059832197569929177
892,continuous,4.1526579295355379,0.13532521697882999,0.13733738879247548
893,continuous,0.65365051498214166,0.048140505669518198,0.048856314376612302
894,continuous,0.8496520847008342,0.053024273620686506,0.053812699837178457
895,continuous,5.9055991000385735,0.17900322384925013,0.18166485077749281
896,continuous,2.0539972364855572,0.10312220805586164,0.10465554829387029
897,continuous,3.1627929962625716,0.1106607684030244,0.11230620067372787
898,continuous,0.30670904515422714,0.039495770661994417,0.040083039452383312
899,continuous,3.7606547900981528,0.1925219667907791,0.19538460602190336
900,continuous,-0.10237589900194743,0.029302607707009844,0.029738312763396935
902,continuous,0.75165129984148793,0.050582389645102352,0.051334507106895383
903,continuous,3.5156528279497872,0.15293511399467585,0.15520913012091556
904,continuous,0.74771257702128535,0.050484248552123107,0.05123490673865716
906,continuous,4.6032531633945037,0.14655269115277653,0.14873180603568592
908,continuous,3.9566563598168454,0.15722716331337594,0.15956499859213336
909,continuous,0.52377679121415444,0.07169015847497337,0.072756130652366496
910,continuous,4.1149114658596426,0.16117040323798382,0.16356687116783078
911,continuous,2.518563174637535,0.094608504329043497,0.096015252974950643
912,continuous,4.6093275507917388,0.14670404656557337,0.14888541197578484
913,continuous,0.40470983001357341,0.04863408320900714,0.0493572309977224
914,continuous,4.7502543406835231,0.17700123140186708,0.17963309039133463
915,continuous,1.1397157164586704,0.29462678445445972,0.29900763618675003
918,continuous,2.3269790635246048,0.089834806122701213,0.091170573903459215
919,continuous,3.6082991746592845,0.15524358152124751,0.15755192261214188
920,continuous,3.2045686686529589,0.14518383501527543,0.14734259616221226
921,continuous,4.9341170316939831,0.18158253510806285,0.18428251421876987
922,continuous,4.6522535558241769,0.14777363314056863,0.14997090240082747
924,continuous,-0.54337943086900564,0.031706986959738295,0.032178443107235118
925,continuous,1.356737813716355,0.065659320551255229,0.066635619256447912
926,continuous,4.0546571446761916,0.13288333300324581,0.13485919606219238
927,continuous,6.4742402104471317,0.19317204522509865,0.19604435057412317
928,continuous,3.4985710232309977,0.11902734408488502,0.1207971802777814
929,continuous,3.2706508658014215,0.19370540405571546,0.19658564000059997
930,continuous,0.33862763286511077,0.040291085597138537,0.040890180049670787
932,continuous,7.0816085183507287,0.20830583155625995,0.2114031635408897
933,continuous,1.1366951019271836,0.060176519850901285,0.061071293935070714
934,continuous,-0.053375506572274301,0.043916406837659065,0.044569406758650509
935,continuous,2.9780453552976569,0.11275384298451628,0.11443039750849052
936,continuous,1.8859702336871482,0.085542624794558125,0.086814571459929366
938,continuous,0.55171100730259282,0.14604690917238339,0.14821850350393126
939,continuous,4.6539157825860471,0.2281721936751252,0.23156492170483581
942,continuous,0.50271061487291968,0.044379538613162725,0.045039424912949468
944,continuous,4.7992547331131963,0.15143645910394485,0.15368819149625207
946,continuous,0.31064776797442972,0.039593911754973662,0.040182639820621535
947,continuous,-0.15137629143162057,0.028081665719217767,0.028499216398255395
948,continuous,4.8989177447344128,0.15391976075694278,0.15620841774987138
949,continuous,3.3210481023053688,0.11460400832763222,0.11630807324942526
950,continuous,3.1065678837936126,0.10925980818254841,0.11088440935664909
953,continuous,1.5527393834350476,0.097328802788137825,0.098775999977238127
954,continuous,2.3969999834932691,0.091579516256120458,0.092941226404693003
955,continuous,2.8380035153603274,0.11596085128910628,0.11768509132107888
956,continuous,0.19162645557609137,0.036628259633762303,0.037172890954246168
957,continuous,1.6899739619388536,0.073962560281404202,0.075062321156619191
958,continuous,0.15975351666745063,0.035834082129087355,0.036366904700059377
959,continuous,3.370048494735042,0.11582495031542432,0.11754716961456682
960,continuous,2.3787867173878015,0.091125696598351166,0.092480658831463253
961,continuous,1.7879747467981999,0.076404444256988349,0.077540513886902265
962,continuous,2.1029976289152303,0.09764672147222514,0.099098645843955807
963,continuous,1.356737813716355,0.065659320551255229,0.066635619256447912
964,continuous,1.7389743543685268,0.075183502269196276,0.076301417521760728
965,continuous,2.7330433931492912,0.15352413304555587,0.1558069073881749
966,continuous,4.9268923116546972,0.6233668025896647,0.63263574106052978
968,continuous,1.7907820082317234,0.076474392744846229,0.077611502449764766
969,continuous,6.3956030243353048,0.19121264372717089,0.19405581442890818
971,continuous,5.1593392848396977,0.16040868007113734,0.16279382182009691
973,continuous,7.0816085183507287,0.44937726012768853,0.45605912088290629
975,continuous,0.31064776797442972,0.039593911754973662,0.040182639820621535
976,continuous,1.0386943170678373,0.057734635875317131,0.05859310120478764
977,continuous,6.1883475258628344,0.18604846181477097,0.18881484548806926
979,continuous,3.6626540052388066,0.1967765113866235,0.19970241210667627
980,continuous,1.7109944894778453,0.074486328427031387,0.07559387729271147
981,continuous,0.86673388941962326,0.066842757816191589,0.067836653235144539
982,continuous,4.996918529593759,0.1831473590182412,0.1858706057403785
985,continuous,4.6522535558241769,0.1544700617119972,0.15676690121588349
986,continuous,1.3816970640755493,0.066281229789861673,0.067266775760778413
987,continuous,2.2317855400987821,0.087462870634974932,0.088763369736038628
988,continuous,1.7417816158020503,0.075253450757054155,0.076372406084623229
989,continuous,3.9172476693790799,0.16294164618083032,0.16536445099898445
990,continuous,1.6927812233723771,0.17447893734069064,0.17707329194532193
991,continuous,4.5069146052970277,0.14415222485460616,0.14629564682873905
992,continuous,3.4680492795943882,0.12496326286243704,0.12682136115990592
994,continuous,6.2373479182925067,0.18726940380256302,0.19005394185321076
997,continuous,0.16364659068541032,0.035931085791597428,0.03646535072519691
998,continuous,6.2782386407284392,0.2150739915596446,0.21827196037378105
1001,continuous,5.7473439939957753,0.17505998392464225,0.17766297820179539
1002,continuous,2.0049968440558841,0.081811980353783842,0.083028455483560692
1003,continuous,4.0152484542384261,0.13190138729927162,0.13386264965398745
1004,continuous,3.2050421064681207,0.19207063165767924,0.19492655991612887
1005,continuous,3.4612979973702651,0.11809861270072841,0.11985463944143718
1006,continuous,0.89471375431030475,0.054147074515499334,0.054952195834081771
1007,continuous,2.1589520607261954,0.092344508575683396,0.093717593514686323
1008,continuous,5.6299796103889106,0.20561776032854459,0.2086751229617243
1009,continuous,5.5625963530308606,0.23742091564899126,0.24095116437206215
1010,continuous,3.0575674913639395,0.13482458048047063,0.13682930825173165
1011,continuous,5.1764667383607303,0.16083544455425447,0.16322693193105167
1012,continuous,5.8943451712847956,0.20550852417373278,0.20856426255744406
1014,continuous,3.5156528279497872,0.119452971137533,0.1212291360456355
1016,continuous,6.7876061637726899,0.30812303677236463,0.31270456639093674
1018,continuous,5.5513424242770828,0.19696193025918823,0.19989058800145329
1019,continuous,1.8227005959426075,0.077269707679990363,0.078418643047052261
1021,continuous,4.0152484542384261,0.17207995872784304,0.17463864254432354
1022,continuous,6.101600669757266,0.18388699180041843,0.18662123623805896
1023,continuous,3.1065678837936126,0.10925980818254841,0.11088440935664909
1024,continuous,2.3930559627026691,0.11826695743941257,0.12002548732436687
1025,continuous,3.9076559673871722,0.15600622132558389,0.15832590222699186
1026,continuous,0.37672996512289192,0.041240480795413682,0.041853691953617121
1027,continuous,1.444971999790488,0.067857850342443807,0.068866839330911492
1030,continuous,3.7606547900981528,0.12555768107649337,0.12742461787134318
1033,continuous,0.45371022244324655,0.063247882339656364,0.06418832499297597
1034,continuous,5.9545994924682457,0.18692059440847075,0.18969994595769032
1036,continuous,7.3072468817515759,0.26749948758899256,0.27147697930197751
1037,continuous,0.67073231970093072,0.048566132722166144,0.049288270144466351
1038,continuous,2.1029976289152303,0.11103957861508229,0.11269064347406785
1040,continuous,1.4939723922201611,0.10256093518737874,0.10408592977133312
1041,continuous,7.3545850474193779,0.30885758332794233,0.31345003503411895
1043,continuous,2.5675635670672081,0.09582944631683557,0.097254349340092167
1045,continuous,2.8197902492548597,0.10211417448847984,0.10363252611773709
1046,continuous,0.40864855283377599,0.042035795730557816,0.042660832550904609
1047,continuous,1.7389743543685268,0.075183502269196276,0.076301417521760728
1048,continuous,1.2377165013180167,0.12965795414432957,0.13158585854063268
1049,continuous,0.89471375431030475,0.054147074515499334,0.054952195834081771
1050,continuous,1.8159493137184834,0.077101486089710292,0.078247920143639543
1051,continuous,2.736058709710381,0.10002783706824281,0.10151516662013356
1052,continuous,4.1683240189246806,0.16250128296115893,0.16491753994973501
1053,continuous,7.2075838701303594,0.47260547165028044,0.4796327163150948
1054,continuous,4.7308907419360047,0.14973303463849638,0.15195943854604246
1055,continuous,4.1613646815729908,0.13554216297890698,0.137557560596554
1056,continuous,1.8159493137184834,0.077101486089710292,0.078247920143639543
1057,continuous,6.7192421725954974,0.22606246944977332,0.22942382766005492
1058,continuous,3.1040207070772876,0.1091963402213938,0.11081999768045485
1059,continuous,8.008671953723919,0.25819117050760154,0.26203025539825281
1060,continuous,2.9080191373585946,0.10431257227022549,0.10586361221988869
1061,continuous,0.80065169227116106,0.051803331632894432,0.052573603472036927
1062,continuous,0.065645805826063608,0.033489201816013267,0.033987157994913829
1063,continuous,6.5215783761149346,0.19435156953547697,0.19724141341592852
1064,continuous,3.02704574772733,0.10727835640087975,0.10887349505857601
1065,continuous,0.16364659068541032,0.049323942934454572,0.050057348355308943
1067,continuous,-5.3290705182007514e-14,0.031853506331113113,0.032327141098055852
1068,continuous,7.7259235278996572,0.2243602182563664,0.2276962654274523
1069,continuous,2.4739749428432263,0.093497500076634488,0.094887729026571832
1073,continuous,2.0329714109761676,0.082509022186505784,0.08373586174029797
