participant_id,allowance_level,z_agreeable,weighted_prosocial,z_weighted_prosocial,direct_effect,anchored_pb,z_direct_effect,z_anchored_pb,income_high,di_i,disclose
0,3.0,-0.7931797541196609,-0.07490958782157574,-0.8717517322588422,-0.06514648459879073,-0.7385940169152051,-1.8883490740081594,-2.846520823226014,0,-0.19417453700407972,N
1,4.0,1.350035229096286,0.2170787125832302,2.5262286075006943,0.04463098814469276,2.4412332578978875,1.2936827774228685,9.408445159062271,1,6.1010639682425705,Y
2,1.0,-0.30202632046600686,0.010005158016228179,0.11643387830333526,0.03578231858053249,0.0025451910064279437,1.037193465979709,0.009809095433975712,0,1.2685967329898546,Y
3,1.0,1.4839861655472824,0.019498280138514,0.226908997647989,0.021932406461675533,0.08540153051491825,0.6357371343632615,0.32913512617039736,0,1.0678685671816308,Y
4,1.0,1.0821333561942936,0.013420814399583342,0.15618318751169824,0.02748203408852595,0.03235717291270018,0.7965997542696563,0.12470364553101984,0,1.148299877134828,Y
5,3.0,-1.105731939171995,-0.019020776509350867,-0.221352103958034,0.07555051058184886,-0.250794295689599,2.1899222586866363,-0.9665542485821471,0,1.8449611293433181,Y
6,1.0,0.6356302346909621,0.12246641601433136,1.4251888631174108,0.03374621974801708,1.2366482376143606,0.9781746966838913,4.766007953973397,0,1.2390873483419456,Y
7,3.0,0.5909799225406479,0.028145735468842803,0.32754276674308264,0.09747263193879682,0.1608768573362385,2.825361266940592,0.6200149390532332,0,2.1626806334702957,Y
8,5.0,-0.2573760083156736,0.010554566763646613,0.12282755955574008,0.0054852455441140625,0.00734045194573156,0.15899642793814606,0.028289897882849538,1,0.8436431629104978,Y
9,3.0,-1.1503822513223105,-0.13290019487302984,-1.546610767289954,-0.0918447939897353,-1.2447382931885391,-2.662231626941942,-4.797186803416471,0,-0.5811158134709711,N
10,3.0,0.4570289860896504,-0.06424952209378593,-0.7476964406140882,0.0014696081729121749,-0.6455525481816397,0.04259835737207287,-2.487941587396607,0,0.7712991786860365,Y
11,1.0,-0.5699281933680088,-0.0038717416608644376,-0.04505694928874195,0.015121031884524381,-0.06806556808815475,0.4383012641900787,-0.26232280856654194,0,0.9691506320950394,Y
12,3.0,0.6356302346909621,0.02852383413842326,0.33194284662279855,0.022252307146789937,0.16417691724602543,0.6450098398090066,0.6327332782706768,0,1.0725049199045034,Y
13,1.0,-0.12342507186467733,-0.09067351881691066,-1.0552026702766053,0.0060647939695704384,-0.8761822204285274,0.17579533488290774,-3.376781937398963,0,0.8378976674414539,Y
14,1.0,-0.8378300662700026,-0.08172772957013634,-0.9510970744632495,0.0344488023718844,-0.7981030235685106,0.9985398975901993,-3.0758668817218777,0,1.2492699487950998,Y
15,1.0,2.01978991135127,0.09830825404745999,1.1440510254220333,0.06949985476455472,0.7732580513454514,2.014536735122383,2.9801150489615953,0,1.7572683675611915,Y
16,1.0,0.14447680103731636,-0.02175299401378785,-0.25314797163887115,0.024498703497682163,-0.2746411964502269,0.7101243351679993,-1.0584595416524059,0,1.1050621675839998,Y
17,1.0,0.9035321075929558,-0.0006998111029281398,-0.008143971405698544,0.05242196292039293,0.060633888523078217,1.519513535504747,0.2336813219730183,0,1.5097567677523736,Y
18,1.0,0.8142314832923,-0.015831591462637587,-0.1842383289418332,0.06177340527869109,0.10533888596914043,1.790576320038493,0.40597314023600234,0,1.6452881600192466,Y
19,3.0,-0.2573760083156736,8.25124346938693e-05,0.0009602289902943172,-0.024670449180959852,0.11796940041954805,-0.7151025900036921,0.4546507920552019,0,0.39244870499815393,Y
20,4.0,0.3230780496386542,0.027575463985058415,0.3209062977902569,0.0008226300599704951,0.1558995056216192,0.023844919976317436,0.6008323638147309,1,1.062338641895524,Y
21,3.0,-0.7931797541196609,-0.0839718003268583,-0.9772121903833018,-0.0002441446720385376,-0.8176893605085498,-0.007076826450533543,-3.1513520801850317,0,0.7464615867747332,Y
22,4.0,0.7249308589916441,-0.02770052276339794,-0.3223616549724554,0.006772300527489249,-0.32655145895041504,0.19630326192960343,-1.2585202512734508,1,0.21889150532807633,Y
23,5.0,-0.03412444756402149,-0.06905886785876238,-0.8036646500726162,-0.06079242281521621,-0.05618668528209558,-1.7621413655213094,-0.2165419242245139,1,-0.23934164487291165,N
24,4.0,0.6356302346909621,0.045009389511006345,0.5237916055230456,0.024404716629165824,0.30806348642121073,0.707400012939029,1.1872681187373537,1,1.6973340658381915,Y
25,4.0,-0.9717810027209988,-0.03923092705066303,-0.4565454117301318,0.0014226943209730098,-0.4019355957189348,0.04123850304665432,-1.5490486202260314,1,-0.0039050585896885925,N
26,1.0,0.9481824197432962,0.003581816258248084,0.04168297568527417,0.03677277030788928,-0.053517985957117875,1.0659028984797505,-0.20625683116187896,0,1.2829514492398753,Y
27,3.0,-1.6415356849759823,-0.09774509537937812,-1.1374973310457366,-0.0031497784097786717,-0.8873958544059007,-0.09130010897851047,-3.4199989712356893,0,0.7043499455107448,Y
28,4.0,0.18912711318765676,0.005070517283061141,0.059007563030320336,0.05174631025014134,-0.04052454544833325,1.4999289316373512,-0.15618047239569352,1,1.4218742296208287,Y
29,5.0,0.18912711318765676,0.061538874449776654,0.7161515897087969,-0.0428478115560266,0.4523334745605242,-1.2419952630352806,1.7432806452404934,1,1.0006426911026063,Y
30,2.0,0.36772836178896845,-0.036193369336888756,-0.4211961824014898,0.021320881833063125,-0.4006773545221909,0.6180113587778993,-1.54419939360742,0,1.0590056793889495,Y
31,1.0,2.4662930328546024,0.09896445500963841,1.1516874888191018,0.08486900906916123,0.9305074836916785,2.4600301255659085,3.5861499928723233,0,1.9800150627829542,Y
32,5.0,-0.9717810027209988,-0.049404921902644755,-0.5749441093352076,-0.04993690440661558,-0.4149735765235288,-1.4474811308055893,-1.5992966360549474,1,-0.7733888834302683,N
33,5.0,1.8411886627499319,0.27160168958271147,3.1607334957189805,0.01554299830583731,2.336277265667637,0.45053246754442816,9.003947680659255,1,5.477240074101842,Y
34,2.0,1.350035229096286,-0.009832157317597137,-0.11442060252516896,0.02287783322670809,-0.1705956696149502,0.6631414642712623,-0.657470971589107,0,1.0815707321356312,Y
35,2.0,0.7249308589916441,-0.04452869829165604,-0.5181976166180693,0.006045502806368222,-0.37241370698567505,0.1752361573556199,-1.4352720811590585,0,0.8376180786778099,Y
36,5.0,-0.614578505518323,-0.014893204737235159,-0.1733179611065872,-0.027614740208999254,-0.16426132695153872,-0.8004464005047417,-0.6330585909308437,1,0.033247504282207296,Y
37,3.0,-0.3020263204660152,-0.017293338681738192,-0.20124924446590012,-0.0003825476640770195,-0.2357171510704986,-0.011088603347865579,-0.9084473520596066,0,0.7444556983260672,Y
38,1.0,1.0821333561942936,0.08388104007095698,0.9761559783201585,0.001037533750618905,0.6473367660190454,0.030074161473170106,2.4948179133768242,0,0.765037080736585,Y
39,4.0,-0.3020263204660152,-0.06254841663092127,-0.7279000209950215,-0.04732648404464394,-0.6307052334673395,-1.3718149624212297,-2.430720448942547,1,-1.1512677056818883,N
40,4.0,-1.0610816270216545,-0.04220895592397834,-0.491201881008978,-0.007564589825830477,-0.3521669052788566,-0.21926871850156104,-1.3572414698322903,1,-0.03825509416692563,N
41,3.0,0.09982648888697475,0.024975259341848334,0.2906467146332261,-0.020851148279605686,0.13320481825384609,-0.6043955677468912,0.513367669152322,0,0.4478022161265544,Y
42,3.0,0.7695811711419583,0.005220411456754871,0.06075193927604547,0.012926598587613788,-0.039216263264039396,0.3746929803400134,-0.15113838920119127,0,0.9373464901700067,Y
43,4.0,-0.9717810027209988,0.028990843710297292,0.3373776169252643,0.03601801303943558,0.16825299497287474,1.044025352856791,0.6484423685974895,1,1.5962338607271405,Y
44,5.0,1.528636477697624,0.05005574320836531,0.5825179675975733,0.02933862733625332,0.35210825797710654,0.8504153386676034,1.3570154447605538,1,1.8537153917140785,Y
45,3.0,0.5909799225406479,-0.04453632173668458,-0.5182863335847844,-0.0194942183062949,-0.4734949679096617,-0.5650633232769738,-1.824836452746844,0,0.4674683383615131,Y
46,2.0,-0.614578505518323,0.15985317458062112,1.8602729757324177,-0.0019227803237595411,1.3104245140782398,-0.05573409626403442,5.050339673977867,0,0.7221329518679828,Y
47,2.0,0.9481824197432962,-0.03265214354586717,-0.3799855736207323,0.013864815280782573,-0.24350099393793473,0.4018883176582938,-0.9384460662374118,0,0.950944158829147,Y
48,4.0,-0.3020263204660152,-0.10505110943617843,-1.2225202312530274,-0.03493974804152036,-0.3703283711674039,-1.0127705472768993,-1.427235254845572,1,-0.47000290106123566,N
49,3.0,-0.03412444756402149,0.0218760969157082,0.2545805675336819,0.0030367103966087924,0.10615520792918795,0.08802269686204384,0.40911922239279663,0,0.794011348431022,Y
50,5.0,-0.07877475971433573,-0.0024537275132152057,-0.028554972365238965,-0.056548257563432555,-0.0051817237960523135,-1.6391191399553262,-0.01997021956293755,1,-0.07954467975913188,N
51,2.0,-2.4452413036819625,-0.15978496816958246,-1.859479231450768,-0.06199054611203964,-1.4288822797096743,-1.7968704078025275,-5.506872611993011,0,-0.14843520390126375,N
52,5.0,0.5909799225406479,0.0016146678026561154,0.018790511267272353,0.0060420898360881575,-0.020179972671144034,0.17513722831428072,-0.07777305407977349,1,0.7986820871172536,Y
53,2.0,0.8588817954426404,0.019625857144900158,0.2283936604201088,-0.02107033559515111,0.08651502759400811,-0.610748975254504,0.3334265129805271,0,0.444625512372748,Y
54,5.0,0.3230780496386542,-0.05090595666680238,-0.5924122291565566,-0.027780284745258198,2.299322859982121,-0.8052449076487095,8.86152642773183,1,4.77814076004156,Y
55,1.0,-1.909437557877976,-0.1499230996931616,-1.7447128687241986,-0.048938914681223564,-1.3933148692642225,-1.4185532003820243,-5.3697968001903975,0,0.04072339980898787,Y
56,4.0,0.7695811711419583,-0.040118588372102304,-0.4668754684975912,-0.0029621939573084488,-0.43493681909426685,-0.08586274840100591,-1.6762344183484668,1,-0.13104858337473635,N
57,4.0,-0.16807538401501892,-0.06919497386216909,-0.8052485680688445,-0.023657045248030903,-0.6634629629729693,-0.6857278602676515,-2.556967828455351,1,-0.8713478443615014,N
58,2.0,0.5463296103903063,0.23030023890539691,2.6800926028801344,0.02813225641021428,1.9252892344390276,0.8154472289510821,7.420011225453431,0,1.157723614475541,Y
59,3.0,0.05517617673666052,-0.060495613136409915,-0.7040107558906706,-0.04855830785717434,-0.6127882846390764,-1.4075208546126274,-2.3616690258869757,0,0.04623957269368628,Y
60,3.0,-0.2573760083156736,-0.0020702874368007038,-0.024092732476428246,0.03771113371327348,0.30120912571740693,1.0931024884277443,1.1608516029973952,0,1.2965512442138722,Y
61,2.0,-2.8024438008846118,-0.12873817836054893,-1.4981757777251055,0.017701106896305545,-1.1073973278159521,0.5130878361651227,-4.2678785381696995,0,1.0065439180825613,Y
62,4.0,0.6356302346909621,-0.007369238669261591,-0.0857586693796669,0.005675602657709873,0.07818390744181473,0.16451415742736222,0.30131860735049965,1,0.982916382388931,Y
63,4.0,1.6625874141486203,0.04006068187924963,0.4662015883318962,0.02075187255343148,0.39113937752653666,0.601517941628658,1.507440295228889,1,1.8044791184287736,Y
64,5.0,0.8588817954426404,0.017346307874272108,0.20186566736570005,-0.004084616693785549,0.3696632024000528,-0.11839751905095715,1.4246717128944302,1,1.4031370969217365,Y
65,5.0,1.3946855412466277,0.03330559927399744,0.38759008967158626,0.0021611705064383006,0.2059123495326162,0.06264412193136609,0.793580474902868,1,1.178112298417117,Y
66,5.0,0.2784277374883126,-0.03539635207698707,-0.4119209854985992,-0.013131199234425427,-0.39372095684502284,-0.3806235757409416,-1.5173896302066785,1,-0.19900660297381,N
67,5.0,0.2784277374883126,-0.02213081824389375,-0.2575448577606943,-0.008232686633198299,-0.27793886104159427,-0.23863430661134913,-1.0711686493792019,1,0.09509852200472446,Y
68,5.0,-1.2843331877733066,-0.04386868829832608,-0.5105168260580681,-0.02106500548047797,-0.4676678372646246,-0.6105944754811183,-1.802378853117167,1,-0.45648666429914264,N
69,2.0,-1.0610816270216545,-0.06801368891860021,-0.7915015000927094,-0.03751961388899144,-0.6784063427906055,-1.087551056373283,-2.614559199149003,0,0.20622447181335846,Y
70,3.0,-0.48062756906732684,-0.09628896400658618,-1.120551769288658,-0.02870725767255459,-0.8494330022883542,-0.832114330913388,-3.2736911937736193,0,0.333942834543306,Y
71,1.0,-0.614578505518323,-0.008196196541499425,-0.09538229672287839,0.01293778697501728,-0.03004853626454427,0.3750172891822041,-0.11580622402240102,0,0.9375086445911021,Y
72,2.0,-0.21272569616533316,-0.09962222121439693,-1.1593421675470816,-0.026028146590214615,-0.7522573969834839,-0.754457079525865,-2.8991791104437294,0,0.3727714602370675,Y
73,5.0,-1.418284124224303,-0.12497990182151851,-1.4544392657713727,-0.07011030057880002,-1.175609667049603,-2.0322312399780396,-4.530766998653717,1,-2.5314991193158782,N
74,2.0,-2.35594067938128,-0.1610102606240773,-1.87373843178536,-0.05590156036312154,-1.4900840415600936,-1.6203738451494476,-5.742742501994217,0,-0.0601869225747238,N
75,3.0,0.4570289860896504,0.014488863674831147,0.16861248839175066,0.014736942200673009,0.09218651017221469,0.4271679635476326,0.3552842492845053,0,0.9635839817738163,Y
76,5.0,-0.7931797541196609,-0.06083206427799888,-0.7079261674425169,8.276399425532956e-05,-0.6157248433029612,0.0023990137438078935,-2.37298644140069,1,-0.43529371382844095,N
77,3.0,-1.0610816270216545,-0.11648705524802834,-1.3556047383423457,-0.011170024593888068,-1.1014837714778327,-0.3237765741070921,-4.245087856319769,0,0.5881117129464539,Y
78,1.0,0.3230780496386542,0.09961684155793976,1.159279562412387,0.06521980488359738,0.7846794540882168,1.8904743504950388,3.024132817848376,0,1.6952371752475193,Y
79,3.0,-0.614578505518323,0.1992643284047667,2.318915755857595,0.06487752742367597,1.6796602799718603,1.8805530273649116,6.473364058450591,0,1.6902765136824558,Y
80,1.0,1.350035229096286,0.07835215547219222,0.9118142182518407,0.043549668000965214,0.5990804459678071,1.2623394147734557,2.308839396448384,0,1.3811697073867277,Y
81,1.0,-0.48062756906732684,0.0057587347294831975,0.06701661458882302,0.04172324596309804,-0.03451775677945623,1.20939837911827,-0.13303047573299445,0,1.3546991895591352,Y
82,2.0,-0.21272569616533316,0.016946166476858017,0.1972090677702643,-0.013327807684479536,0.16414130630557516,-0.3863225077230481,0.6325960346954449,0,0.556838746138476,Y
83,2.0,0.2337774253379722,-0.0035296746729668177,-0.041076183969907476,0.0193376583438902,-0.1155873556985041,0.5605252447934704,-0.4454704578729313,0,1.0302626223967353,Y
84,5.0,0.9481824197432962,0.003624643777707451,0.04218137602844491,-0.02463874495801021,-0.05314418569973981,-0.7141836050359259,-0.20481621535402567,1,0.2905000898050242,Y
85,4.0,0.3230780496386542,0.0012585339161686505,0.01464604403030137,0.014879898939016365,-0.07379568469834746,0.4313117362490519,-0.2844065188009553,1,0.8234526087240484,Y
86,2.0,-0.8378300662700026,-0.042059610629234474,-0.4894638922790471,0.04788721128246311,-0.3256097329316708,1.38806831464473,-1.254890865358134,0,1.444034157322365,Y
87,4.0,0.9928327318936379,-0.001925103557423001,-0.022403171740290842,0.028963397072921837,1.009579358662163,0.8395388389659604,3.890890802410791,1,3.115214820688376,Y
88,1.0,-1.8647872457276344,-0.178783893154989,-2.080577040806403,-0.08922549634239524,-1.6452129983258756,-2.5863081397826955,-6.340605191924214,0,-0.5431540698913477,N
89,4.0,0.9928327318936379,-0.03815906336153823,-0.444071721046297,0.004344406483521111,-0.4178340085057962,0.12592783802219798,-1.6103206614524896,1,0.007803588284854168,Y
90,2.0,-2.2666400550806243,-0.1027744690274347,-1.1960260897450001,0.01224715774820278,-0.9817997850298236,0.35499857184127886,-3.783829097341668,0,0.9274992859206395,Y
91,1.0,-2.043388494328972,-0.18311597148065314,-2.130991105207262,-0.09644565684516794,-1.68302354662652,-2.795593160817494,-6.486325994706906,0,-0.6477965804087471,N
92,2.0,0.05517617673666052,-0.0373130495680911,-0.43422633260671484,0.038527025839211734,-0.4104499671761096,1.116752101296259,-1.58186277129478,0,1.3083760506481295,Y
93,3.0,1.7965383505996189,0.05281990892385899,0.614685628918466,0.010822458276308804,0.37623400396777607,0.31370194708770244,1.4499953996011392,0,0.9068509735438512,Y
94,3.0,0.05517617673666052,0.0022694143338920017,0.026410048891145847,0.02807322999658429,-0.06497268105271412,0.8137362774821476,-0.250402907851616,0,1.1568681387410737,Y
95,4.0,-0.07877475971433573,0.012264475663007673,0.14272642815682296,0.071822698820594,0.07277196499601893,2.081867159001748,0.2804611315068697,1,1.931164145254309,Y
96,2.0,-1.5075847485249863,-0.16724060196060192,-1.946243314145891,-0.06047772697678397,-1.5444627033304918,-1.7530195288058286,-5.95231635383111,0,-0.12650976440291428,N
97,4.0,-0.6592288176686647,-0.04832806919090117,-0.5624123594731463,-0.017036949006260724,-0.5065894873259332,-0.4938364223031898,-1.952381811219318,1,-0.4731091167612539,N
98,5.0,-0.03412444756402149,0.07996843350339082,0.9306234683689995,0.0006819159658969804,0.6131873835556761,0.019766153011682924,2.3632071420246783,1,1.9414866475181807,Y
99,3.0,-0.391326944766671,-0.04784345274603556,-0.5567726912066625,0.004063046753139284,-0.5023597361260703,0.11777228842344695,-1.9360804675965235,0,0.8088861442117234,Y
100,4.0,0.5463296103903063,0.02644345001451025,0.3077326151087145,-0.002831126305124717,0.1460192436104624,-0.08206359513651544,0.5627541084950489,1,0.9903452566792668,Y
101,4.0,0.2784277374883126,0.03892457476652231,0.45298027217793946,-0.013888073879157982,0.2549549864123811,-0.40256249605756456,0.982589435044756,1,1.0400134694935959,Y
102,4.0,-1.4629344363746446,-0.11006814934488987,-1.2809054574759815,-0.02122181586420801,-1.0454593108280597,-0.6151398127274044,-4.029171141321664,1,-1.5721554770245345,N
103,3.0,1.7965383505996189,0.040109399684492925,0.46676853619995606,-0.0003563184092173974,0.2652961844288936,-0.010328316903690956,1.0224441249243867,0,0.7448358415481545,Y
104,4.0,0.2784277374883126,-0.032304813095875476,-0.37594355536577007,-0.014905667150735255,0.4413799013462023,-0.43205865880424243,1.7010658783601416,1,1.3845036097779495,Y
105,1.0,-1.1503822513223105,-0.12861295166554496,-1.4967184664319932,-0.021606976434562115,-1.2073190675450685,-0.6263041543008886,-4.652974147283676,0,0.4368479228495557,Y
106,2.0,-1.8201369335772941,-0.07013045710841131,-0.8161351469985432,-0.02416724766827222,-0.6968815779699808,-0.700516689991202,-2.6857622422927,0,0.399741655004399,Y
107,5.0,1.5732867898479395,0.07314530273221143,0.8512200669863655,-0.021665069741480487,0.5536348325187007,-0.6279880585514553,2.1336932646838034,1,1.502852603066174,Y
108,4.0,-1.1503822513223105,-0.05043132364989984,-0.5868887418873762,-0.06018362440168478,-0.5249467741366056,-1.7444946125532903,-2.0231302846266113,1,-1.1338124485899508,N
109,2.0,-0.9271306905706572,-0.09724495760498017,-1.1316770350879217,-0.05393441529875657,-0.8325232708380644,-1.5633537836125848,-3.208521558512499,0,-0.031676891806292407,N
110,1.0,0.010525864586318918,-0.03914381758080181,-0.4555316852705958,-0.0393267447636564,-0.4264289816740203,-1.1399329145011807,-1.6434454492765258,0,0.18003354274940964,Y
111,2.0,1.350035229096286,0.04898651394165025,0.570074934702227,0.03606606265626683,0.3427759833055968,1.045418128691259,1.3210491174249142,0,1.2727090643456296,Y
112,2.0,-1.016431314871313,0.033730334494189516,0.3925328970574138,-0.013657489011898985,0.20961945507198684,-0.395878716829101,0.807867556669097,0,0.5520606415854495,Y
113,1.0,0.3230780496386542,0.08300280362697857,0.9659356024826277,0.03603430305484829,0.6396714841408973,1.0444975385120818,2.4652761299581387,0,1.272248769256041,Y
114,2.0,1.21608429264529,0.03978819543296104,0.46303055858153996,0.09816851953196387,0.2624927012150815,2.845532404343686,1.0116395784984484,0,2.172766202171843,Y
115,1.0,0.18912711318765676,-0.04172115188892559,-0.48552511752747335,-0.01575248899005341,-0.4489240558666785,-0.456604806550732,-1.730140840307248,0,0.521697596724634,Y
116,4.0,1.2607346047956316,0.052534183186233194,0.6113605284344065,-0.019063392464462068,0.3737401786047314,-0.5525753189818209,1.4403842659298374,1,1.1939044734740083,Y
117,2.0,0.05517617673666052,-0.007604787881874096,-0.088499846311734,0.04439991174298772,-0.151155102454874,1.2869847504783272,-0.5825475658084805,0,1.3934923752391635,Y
118,5.0,-0.48062756906732684,0.03689346161562998,0.42934342595844766,-0.0213689530087754,0.23722735174776224,-0.6194047595224184,0.914267623516767,1,0.8974314319971743,Y
119,5.0,-0.5699281933680088,-0.09192930505152033,-1.0698167384780655,-0.03933337047233072,-0.8871427715796225,-1.1401249686222412,-3.419023597053793,1,-1.5295742828380172,N
120,2.0,-1.5522350606753004,-0.1513901103743556,-1.7617850371843855,-0.06695801248141721,-1.4061189956093627,-1.940858384691075,-5.419143547429,0,-0.22042919234553748,N
121,3.0,0.36772836178896845,0.07067212621643763,0.8224387590856602,0.047062576071571646,0.5320488515931717,1.3641652729614904,2.0505014938502035,0,1.4320826364807453,Y
122,2.0,0.9035321075929558,-0.030450900308604537,-0.3543688580438504,-0.01554552947806185,-0.35055686125396124,-0.4506058366104001,-1.3510364048869818,0,0.5246970816948,Y
123,4.0,2.109090535651927,0.024486559426355914,0.28495952544590875,-0.010111992946832252,0.12893942636335806,-0.29310825649496625,0.496928967297948,1,0.8519103554014908,Y
124,2.0,0.09982648888697475,-0.0012988432075820532,-0.015115138783558564,-0.010527012344063516,-0.09611657180874242,-0.3051380920153871,-0.3704305976555106,0,0.5974309539923064,Y
125,5.0,-0.7038791298190051,-0.01070485586000685,-0.12457653166867858,-0.02636264863301258,-0.12770525487310724,-0.7641530228551403,-0.49217250465951023,1,0.12183723624267473,Y
126,1.0,-1.5075847485249863,-0.07532407055705495,-0.8765752275303155,-0.03689060309047265,-0.7422116383688101,-1.0693184231584718,-2.8604630358115486,0,0.2153407884207641,Y
127,4.0,0.7249308589916441,0.024847682335462834,0.289162051861114,0.05897521383786723,0.2078523635739748,1.7094673814868744,0.8010572351251378,1,2.005262308306006,Y
128,5.0,-1.5968853728256407,-0.051599721686346044,-0.6004858399606676,-0.04628314804152037,-0.4088761936928862,-1.3415726156927563,-1.575797492009488,1,-0.7086850538511221,N
129,5.0,1.7072377262989356,-0.0012108281857288045,-0.014090874066629096,-0.010625608337353633,-0.09534837327104533,-0.3079960152598558,-0.36746998183159774,1,0.41226700145427325,Y
130,2.0,1.2607346047956316,0.05669467699458458,0.659777797704681,0.011578139719049828,0.5110678537563876,0.33560628101198686,1.969641311034341,0,0.9178031405059934,Y
131,2.0,-0.16807538401501892,0.080046465097281,0.9315315520886257,-0.0013668483211463109,0.6138684463453958,-0.03961973969036166,2.3658319390964966,0,0.7301901301548192,Y
132,1.0,0.8142314832923,-0.035665650933088516,-0.4150549200339344,0.03883277836080499,-0.3960714077465243,1.1256147052353975,-1.526448202686101,0,1.3128073526176989,Y
133,3.0,1.350035229096286,0.05487153242690244,0.6385611620075154,0.019598657883365594,0.41939433458430064,0.5680906298134023,1.6163341148135604,0,1.034045314906701,Y
134,3.0,0.4570289860896504,0.023679558738491827,0.2755681475457227,-0.001139413376385279,0.2986716585363817,-0.03302726474744565,1.1510722749719557,0,0.7334863676262772,Y
135,3.0,0.2337774253379722,-0.007433203364561948,-0.08650305118115686,0.014961785130768344,-0.02338910210825313,0.4336853058333695,-0.09014094978154351,0,0.9668426529166847,Y
136,2.0,1.528636477697624,0.29620282046645696,3.447026333352972,0.07475015292030575,3.0055631482884073,2.1667229309200184,11.583356879677915,0,1.8333614654600092,Y
137,3.0,0.2784277374883126,0.006679798692920957,0.07773539076952438,0.010952118183394076,0.1250434101544954,0.31746029517030955,0.48191382905939006,0,0.9087301475851548,Y
138,3.0,1.2607346047956316,0.044026995274677905,0.512359105329342,0.08618992914530736,0.4005038344748834,2.498318579931344,1.5435306521654424,0,1.999159289965672,Y
139,3.0,1.126783668344634,-0.0028151248617967577,-0.032760692538337806,-0.019807821208906402,-0.10935073712482685,-0.5741534799354606,-0.4214347031417519,0,0.4629232600322697,Y
140,4.0,0.5463296103903063,0.0003406575429173754,0.003964363064613324,0.015767832303508367,-0.0818069454226135,0.4570495509131227,-0.3152816950813693,1,0.8208839279158767,Y
141,2.0,-0.03412444756402149,0.025267428533035458,0.2940468000687073,0.026949118602378044,0.135754882330457,0.7811525590604358,0.5231955452634102,0,1.140576279530218,Y
142,2.0,0.9928327318936379,0.1533726639651168,1.7848567770951513,0.03219479870093104,1.25386236510029,0.9332048949255309,4.8323507230998235,0,1.2166024474627655,Y
143,5.0,-1.6415356849759823,-0.16961342971517726,-1.9738568248533566,-0.03196515160320548,-1.5651728363610908,-0.926548298072924,-6.032132631208495,1,-2.7293404646407096,N
144,2.0,-0.7931797541196609,-0.04790915060058058,-0.557537242449979,0.02296427316476494,-0.42717210715934495,0.6656470296596672,-1.6463094342531186,0,1.0828235148298335,Y
145,3.0,1.5732867898479395,0.1064162061135932,1.2384063871890552,0.050333775765904906,0.8440245726707178,1.458984923656881,3.2528472562721307,0,1.4794924618284404,Y
146,1.0,0.8588817954426404,-0.04490652252176192,-0.5225945027398923,-0.03161044610784442,-0.4767260947759927,-0.9162667334138987,-1.837289125929752,0,0.2918666332930506,Y
147,4.0,-1.016431314871313,-0.08253999372009446,-0.9605497052995629,-0.00534546028714971,-0.5526556886983696,-0.15494458443232584,-2.1299196716006286,1,-0.3924321280164772,N
148,1.0,-0.9717810027209988,-0.05863844448576482,-0.6823981688323506,0.011249767929188598,-0.5965788443453364,0.3260880304243509,-2.299198293289277,0,0.9130440152121755,Y
149,2.0,0.05517617673666052,-0.004854135897192859,-0.05648944948244532,0.013491913984334709,-0.12714730483290748,0.3910793258580388,-0.4900221807042991,0,0.9455396629290194,Y
150,4.0,-0.5252778812176673,0.14218515427300196,1.6546634168407424,0.016583996409653013,1.2824857489081711,0.48070704745447174,4.942664449144639,1,3.4616857482995558,Y
151,1.0,-1.2843331877733066,-0.0791639089928243,-0.9212609066979679,-0.014559695807903117,-0.7757258977445494,-0.42203026404289945,-2.9896260604275358,0,0.5389848679785503,Y
152,5.0,0.05517617673666052,0.03331848618112004,0.38774005957442886,-0.02294339057232677,0.20602482695974814,-0.665041722645231,0.7940139597824385,1,0.8144861185686038,Y
153,4.0,-0.3020263204660152,-0.02949165084683638,-0.3432057025081861,-0.005075077353566644,-0.24116977140326268,-0.14710721046804182,-0.9294615993495903,1,0.21171559509118398,Y
154,2.0,-0.2573760083156736,0.016610895326736312,0.193307388233712,0.026278692828126633,0.16121504665316091,0.7617194630492604,0.6213183112858339,0,1.1308597315246303,Y
155,4.0,-0.12342507186467733,-0.08453326837414687,-0.9837462103541181,-0.011774278193538927,-0.7215751522877117,-0.34129159018806693,-2.7809305917316447,1,-0.8111110909598558,N
156,4.0,1.0821333561942936,-0.05578425614969802,-0.6491828795948016,-0.01929055542901672,-0.5716673774171747,-0.5591599102519028,-2.2031901917827366,1,-0.6311750510173197,N
157,2.0,0.9481824197432962,-0.012561118958659953,-0.1461785804696056,0.022947282450596126,-0.1944141530732777,0.665154533409639,-0.7492667451657258,0,1.0825772667048195,Y
158,1.0,0.5463296103903063,0.1707980604940441,1.9876428296038309,-0.009149878918189639,1.4312055852815373,-0.26522022621571983,5.515826567126098,0,0.6173898868921401,Y
159,5.0,0.6802805468413026,0.0933932181144517,1.0868528587611783,-0.00805106367213139,0.8313741495487607,-0.2333697470198146,3.204092876985837,1,2.235361564983011,Y
160,1.0,0.6802805468413026,0.01683210320128431,0.19588166948974864,0.026517316160291175,0.9460098623870541,0.7686362468343677,3.6458957297119277,0,1.134318123417184,Y
161,1.0,0.4570289860896504,0.07000185835567005,0.8146385937704631,0.07028154198662413,0.5261987276067739,2.037194877784254,2.027955278521672,0,1.768597438892127,Y
162,1.0,-0.8378300662700026,-0.07176787231545148,-0.8351903785740279,0.0354328310487473,-0.5849045976529064,1.027063150259861,-2.2542060708444334,0,1.2635315751299305,Y
163,4.0,0.2337774253379722,0.12248637319870509,1.425421112560436,-0.010503292702547393,1.1105540206979414,-0.3044505497271328,4.280044344844713,1,2.7377968975587903,Y
164,3.0,0.010525864586318918,0.010612641173163066,0.12350339383234113,0.03852870556451659,0.10886205085213277,1.1168007901509767,0.41955131982237676,0,1.3084003950754883,Y
165,5.0,1.0821333561942936,-0.01637310232555242,-0.1905400994696243,-0.024969834030528115,-0.22768529232329174,-0.7237806193238621,-0.8774927915709869,1,-0.05063670544742449,N
166,1.0,-0.8378300662700026,-0.03359525023713858,-0.39096086951715364,-0.028052785055120145,-0.32749350825946355,-0.8131436563066577,-1.2621508831406192,0,0.3434281718466711,Y
167,2.0,0.36772836178896845,-0.01073125649794191,-0.12488376606312544,-0.007664598575351801,-0.17844304226841756,-0.2221675921816124,-0.6877145277974341,0,0.6389162039091938,Y
168,4.0,-0.16807538401501892,-0.05558681987340071,-0.6468852375855721,-0.0028927447334204104,-0.5699441459102526,-0.08384967926262915,-2.196548905426018,1,-0.3901992923443236,N
169,4.0,0.8142314832923,0.1777227200178892,2.0682277601949983,-0.02201224617123064,1.4663906024251752,-0.6380513842040006,5.651428645766315,1,3.256688630781157,Y
170,4.0,0.2784277374883126,0.00397370738694381,0.046243563725233645,0.014158917855881775,-0.05009754492714826,0.4104132339108325,-0.19307454645141003,1,0.8586693437297113,Y
171,4.0,-0.6592288176686647,-0.08456202899501639,-0.9840809087791523,-0.042159908544293065,-0.5197967297085865,-1.2220555683116983,-2.0032821564680283,1,-0.8626688623898633,N
172,1.0,-0.21272569616533316,0.05708365497256838,0.6643044842875199,0.05781570138529846,0.41344814549456643,1.6758575208843605,1.5934176672454359,0,1.5879287604421801,Y
173,5.0,1.350035229096286,0.010216039750150688,0.11888799028278667,0.02608491381182646,0.0043857749910165,0.7561025456016621,0.016902654979597014,1,1.1365026002906295,Y
174,3.0,1.037483044043952,-0.05680303445192515,-0.6610387951802619,-0.032099374189019925,-0.5805593141062699,-0.9304389008766614,-2.2374594687666347,0,0.2847805495616693,Y
175,1.0,-0.8824803784203168,-0.03066767232831054,-0.3568915175481859,0.009013647676339005,-0.3019414942827377,0.26127140010508726,-1.1636741311031564,0,0.8806357000525437,Y
176,3.0,-1.418284124224303,-0.08243438149680193,-0.9593206551701954,0.02872384956646999,-0.7790170282989825,0.8325952668795288,-3.0023099861575013,0,1.1662976334397643,Y
177,2.0,0.2784277374883126,0.18357897788227187,2.1363792890752524,-0.03960767577548849,1.5427579298851035,-1.148076037178028,5.945746204330782,0,0.17596198141098596,Y
178,1.0,-0.3020263204660152,0.015206669349374747,0.1769658695597135,-0.02305908943088296,0.4267493964447757,-0.6683953929739356,1.6446803189019714,0,0.4158023035130322,Y
179,4.0,-0.614578505518323,0.19553210979100913,2.275482490019029,0.0282410082446888,1.9248758193900497,0.818599531445858,7.418417935339241,1,4.86850873339255,Y
180,1.0,-1.105731939171995,-0.09797156671602018,-1.140132865237901,-0.03276735466082105,-0.9398798666494992,-0.9498011168603707,-3.6222708964292067,0,0.27509944156981464,Y
181,5.0,-1.8201369335772941,0.0052165970428785235,0.06070754947227057,-0.02023777825492079,-0.039249555616870574,-0.5866163011406992,-0.15126669700414902,1,0.38105850092757587,Y
182,2.0,-0.9717810027209988,-0.06524979764258179,-0.7593370325297175,-0.007316518788665081,-0.6542829921183616,-0.21207808164364816,-2.5215884757990885,0,0.6439609591781759,Y
183,1.0,-0.5252778812176673,0.0035442522008827804,0.041245828278231006,-0.004504263080639176,-0.05384584651240024,-0.13056147342096203,-0.20752039663404936,0,0.6847192632895189,Y
184,4.0,0.36772836178896845,0.13842452742258943,1.6108995534080028,0.005954728676246149,1.1233944473349287,0.1726049602063712,4.32953099239968,1,3.0010679763030255,Y
185,3.0,0.6356302346909621,0.04144674781584155,0.4823317716153364,0.043025767579976906,0.2769686109904288,1.2471535320517944,1.0674293326353246,0,1.3735767660258973,Y
186,4.0,0.2337774253379722,0.018585667227356828,0.21628856961842902,0.0058508025682829,0.07743620949274826,0.16959253718851713,0.2984370002256677,1,0.9840147687070925,Y
187,2.0,0.2784277374883126,0.026172971166941544,0.3045849485580853,0.02638261893608989,0.2446732168964409,0.7647318860671147,0.9429637809554211,0,1.1323659430335573,Y
188,2.0,0.5909799225406479,0.20508774217765305,2.386685065391981,0.03061161805242647,1.7052335813229123,0.8873145029879937,6.571922851437349,0,1.193657251493997,Y
189,2.0,0.010525864586318918,0.007776334149563066,0.09049619631671062,0.04562626951985237,0.03359929111593466,1.3225322030631754,0.12949073458053884,0,1.4112661015315877,Y
190,1.0,0.41237867393931005,0.042452012387256266,0.49403042270919295,0.04957794761094848,0.28574259931082124,1.4370763371028838,1.1012440398828194,0,1.4685381685514418,Y
191,1.0,0.4570289860896504,0.1984687655758075,2.309657484727899,0.041078553987968634,1.6474628958248507,1.1907112081718474,6.34927623438365,0,1.3453556040859236,Y
192,1.0,1.2607346047956316,0.05283397582244884,0.6148493308366026,0.02529004609406565,0.37635678040637854,0.7330623504470571,1.450468576584813,0,1.1165311752235285,Y
193,3.0,0.7695811711419583,0.10903719554842903,1.2689078509735372,-0.0036091196442833966,0.8669006705090794,-0.10461466616717055,3.3410111018486477,0,0.6976926669164147,Y
194,3.0,1.3053849169459446,0.23134978542721285,2.692306580090349,0.009429643673824335,1.9344497173466881,0.2733295435564241,7.45531547210353,0,0.886664771778212,Y
195,1.0,0.09982648888697475,0.03819796565548229,0.44452444202796026,0.012128958208727393,0.24861311379989667,0.3515724162736969,0.9581480341719457,0,0.9257862081368484,Y
196,2.0,-0.3466766326163294,-0.02449692810543255,-0.28508018975883787,0.020937829706563597,-0.2480829984407267,0.6069081329810361,-0.9561049843041826,0,1.053454066490518,Y
197,2.0,-0.3466766326163294,-0.09593872040588255,-1.1164758495765752,-0.02869878656780777,-0.9221371049035049,-0.8318687857714975,-3.5538907855498234,0,0.33406560711425126,Y
198,1.0,-0.3466766326163294,-0.04038463136482896,-0.4699715132965187,0.02878700100785511,-0.43725885269346254,0.8344257872306466,-1.6851834713342286,0,1.1672128936153232,Y
199,3.0,-1.016431314871313,-0.11877395352420969,-1.382218254605569,-0.029411248041520364,-0.9194144622773496,-0.8525203370015794,-3.5433977965029824,0,0.3237398314992103,Y
200,4.0,0.5463296103903063,0.0033037139656508334,0.0384465921679298,-0.017888997741579045,1.7118123823865063,-0.5185340779058997,6.59727736797892,1,3.7893716450365105,Y
201,3.0,-2.5791922401329597,-0.21152707384374358,-2.461622048730806,-0.059501673948930266,-1.9309967542691777,-1.7247274598986353,-7.442007848325294,0,-0.11236372994931765,N
202,5.0,0.2337774253379722,-0.05934072883077671,-0.6905709223089895,-0.01272150101944301,-0.6027084094528157,-0.3687479810768635,-2.322821466935649,1,-0.5957847240062563,N
203,5.0,-0.391326944766671,-0.0357325287791008,-0.4158332032925449,-0.05273769974703159,-0.3966551201904822,-1.52866554651325,-1.5286978142297227,1,-0.7786816803714863,N
204,5.0,1.8411886627499319,0.03494510002449619,0.4066695915197502,0.003476288255819117,1.129354484709293,0.10076438888896425,4.352500810872067,1,2.976632599880516,Y
205,2.0,-0.3020263204660152,-0.06890280467098196,-0.8018484826333632,0.01082077855100395,-0.6861665796960958,0.3136532582329846,-2.644466936605237,0,0.9068266291164924,Y
206,3.0,-0.3466766326163294,0.15905643176019474,1.8510009725874286,-0.01889415404529237,1.303470511719498,-0.5476697402066366,5.0235391420678,0,0.4761651298966817,Y
207,5.0,0.8588817954426404,0.12154680648183602,1.4144870127099032,0.025771310909214973,0.9760850418113538,0.7470123889431758,3.7618046357318855,1,3.0044085123375304,Y
208,4.0,-1.3289834999236483,-0.06395409703922467,-0.7442584654422069,-0.012565620789922415,-0.365183578005615,-0.3642296054671248,-1.4074073649211614,1,-0.13581848519414308,N
209,2.0,-2.713143176583956,-0.10068175116417652,-1.1716723257546062,-0.004037983754477066,-0.9635344620370281,-0.11704580731541574,-3.7134350499337394,0,0.6914770963422922,Y
210,2.0,-0.48062756906732684,0.11044695942735985,1.2853138163415634,-0.009778889716708452,0.9297125061345742,-0.28345285943053156,3.58308617145153,0,0.6082735702847342,Y
211,4.0,0.36772836178896845,0.05130743630079521,0.5970844023266123,0.015462972485850062,0.4640478072228362,0.44821282306936056,1.7884273578996834,1,1.8683200904845219,Y
212,5.0,-0.7038791298190051,0.06395869113917757,0.7443119287532273,-0.028328385952279097,0.4987074096435845,-0.8211322792101197,1.9220045027937795,1,1.30043611179183,Y
213,3.0,0.2784277374883126,-0.009677274121283944,-0.11261816710120948,-0.003374621339874005,-0.1692438430469806,-0.09781745126424735,-0.6522610695495709,0,0.7010912743678763,Y
214,3.0,-0.5699281933680088,0.16705676400431552,1.944103921025356,-0.006428313443966688,1.3732977230479435,-0.1863323833067429,5.292651274744394,0,0.6568338083466285,Y
215,3.0,-2.936394737335608,-0.13522867240401631,-1.573708157359675,-0.020634136145102705,-1.2650613357408296,-0.5981052104734176,-4.875511244843736,0,0.4509473947632912,Y
216,5.0,-1.105731939171995,-0.008530365644893873,-0.09927115131710416,-0.057844976853546094,-0.0329651772102136,-1.6767061054810128,-0.12704687720342256,1,-0.1518764913422177,N
217,3.0,-0.6592288176686647,-0.08439245207642355,-0.9821074768482955,-0.03989386515367312,-0.442555613361231,-1.1563715799170442,-1.7055970398050635,0,0.1718142100414779,Y
218,4.0,-0.3020263204660152,-0.05254573185677704,-0.6114949247626291,-0.007328683776322637,-0.5434014112930453,-0.21243069841675477,-2.0942539435621224,1,-0.40334232098943856,N
219,3.0,1.3946855412466277,-0.002073543300174882,-0.02413062221282886,0.0013229575516580869,-0.07762450358095754,0.038347513039437627,-0.2991626804108615,0,0.7691737565197189,Y
220,5.0,0.9035321075929558,0.16120930957642865,1.8760548411271107,0.019273539234675317,1.3222609131242595,0.5586666754284796,5.095956827088893,1,3.5773117512586863,Y
221,2.0,-0.16807538401501892,-0.04330458582862844,-0.5039521482987711,0.027878864190800014,-0.46274432894515183,0.8081023512368257,-1.7834037888278027,0,1.1540511756184129,Y
222,4.0,0.5463296103903063,-0.01657317302425949,-0.19286839926734248,-0.023857066668365078,-0.12841679397262995,-0.6915257212910974,-0.4949147565826847,1,0.15677976106310898,Y
223,5.0,0.36772836178896845,0.02198288913046795,0.2558233496783429,-0.01647044040754827,0.1070872945376837,-0.47741549039282577,0.41271145828879613,1,0.7176479839479851,Y
224,2.0,0.6356302346909621,-0.017541500361998683,-0.20413719754291648,-0.006455726968393546,-0.23788311587826086,-0.18712699722621323,-0.9167949202587379,0,0.6564365013868934,Y
225,5.0,-1.5075847485249863,0.08907873699022675,1.0366435797727567,-0.04833673304394218,0.692702467108494,-1.4010982426180236,2.66965606512723,1,1.3842789112546032,Y
226,1.0,0.7249308589916441,0.004885140306633784,0.05685025973950034,0.03759034215913239,0.260901646680403,1.089601200202983,1.005507698520912,0,1.2948006001014916,Y
227,1.0,0.41237867393931005,-0.02911999563081656,-0.3388806075798838,0.023941363749970482,-0.3389406734059863,0.6939691734124434,-1.3062679396158074,0,1.0969845867062218,Y
228,1.0,0.3230780496386542,0.030368943489199017,0.35341509496271634,0.05235160140714404,0.18028110350096374,1.517474022563909,0.6947983647267656,0,1.5087370112819545,Y
229,1.0,0.2784277374883126,-0.04175074011704777,-0.4858694471369409,0.0315358332942895,-0.4239286222740416,0.9141039914293805,-1.6338091336083942,0,1.2070519957146901,Y
230,4.0,-0.21272569616533316,0.1983467264709907,2.308237268649808,0.0008387084847784419,1.7726661377649702,0.02431097242388357,6.831806050704746,1,4.1780585115643145,Y
231,5.0,-0.614578505518323,-0.05473263375597456,-0.6369447446634734,-0.06358588281577747,-0.30995196822130255,-1.8431131575961284,-1.1945462751333347,1,-0.7688297163647315,N
232,4.0,0.05517617673666052,-0.0017197693966219084,-0.020013619006445577,0.019255131842983754,0.001224291223042729,0.5581331150795255,0.004718384363089239,1,1.0314257497213073,Y
233,5.0,-0.6592288176686647,-0.00646605601829001,-0.0752479849208768,-0.033225986264145364,-0.1412162064117311,-0.9630951045372503,-0.5442433365583634,1,-0.003669220547806884,N
234,5.0,-0.614578505518323,-0.014295352624048515,-0.16636052574402133,0.009799772309146618,-0.10853588883013908,0.2840581664449677,-0.41829430045031607,1,0.6828819329973258,Y
235,4.0,-0.391326944766671,-0.05543637253192892,-0.6451344239133069,-0.021369874230560554,-0.5686310356560537,-0.6194314622419229,-2.1914882149842243,1,-0.6554598386130737,N
236,5.0,1.350035229096286,0.035763807628016286,0.4161972073074927,0.026718542667543334,0.6314265805553476,0.7744690387490148,2.4335005005808807,1,2.353984769664948,Y
237,5.0,-0.3466766326163294,0.011053524546577286,0.12863412349826073,-0.03934944889713868,0.11271009810157245,-1.1405910210698076,0.4343815870238848,1,0.3968952829770386,Y
238,3.0,1.1714339804949483,0.2513047040110134,2.924529655245248,0.007273540308537711,2.1086170237128625,0.2108322987951857,8.12655143251264,0,0.8554161493975928,Y
239,5.0,-0.391326944766671,0.10939124389145724,1.273028047937821,-0.0034763048035674343,1.021512903030718,-0.10076486854531723,3.9368823508961923,1,2.6680587411754377,Y
240,5.0,-1.1503822513223105,-0.09577032347875698,-1.1145161496610125,-0.07920010308846831,-0.9206673299668329,-2.2957100793622263,-3.548226313773886,1,-2.171968196568056,N
241,4.0,1.6625874141486203,0.06887129881606434,0.8014818368621148,0.02474405333089933,0.5163311599255127,0.7172360946622682,1.989925946796762,1,2.103581020729515,Y
242,2.0,-1.016431314871313,-0.09344032324364097,-1.0874010392967173,-0.02820405615986695,-0.7993162739946611,-0.8175284309008978,-3.0805427151604547,0,0.3412357845495511,Y
243,4.0,0.8588817954426404,-0.011721274179298899,-0.13640498322354425,0.013766210355068172,-0.08606923193978128,0.3990301354967825,-0.33170842891323354,1,0.7836608532917745,Y
244,2.0,-2.043388494328972,-0.1567133863728446,-1.823734050760964,-0.0422268481548376,-1.4525807557917965,-1.2239958932941546,-5.59820588047551,0,0.1380020533529227,Y
245,1.0,1.126783668344634,-0.0219228496606829,-0.25512464723836037,-0.004104220239970821,-0.2761237031498438,-0.11896575137407044,-1.0641730812890478,0,0.6905171243129647,Y
246,4.0,-0.7931797541196609,-0.022061590086499314,-0.2567392230230766,0.001665935710335605,-0.27733463498838096,0.0482891467643023,-1.068839978955373,1,0.2397245839044646,Y
247,1.0,-0.7038791298190051,-0.10803703619399753,-1.2572686112564895,-0.013821228554862114,-0.9519706337642277,-0.4006249040752303,-3.6688683770107513,0,0.5496875479623848,Y
248,5.0,-1.9540878700282902,-0.03076975424875364,-0.358079484183252,-0.029772251319384328,-0.3280861500587749,-0.8629844504478632,-1.2644349081717177,1,-0.31370967930979043,N
249,4.0,2.01978991135127,0.06207429424334476,0.7223824761160271,0.04230842795378632,0.6590360857638476,1.2263605817152003,2.5399067666689867,1,2.633133674192093,Y
250,2.0,-1.8201369335772941,-0.13809699591186,-1.6070879430367402,-0.03788517984558457,-1.2900961749986286,-1.0981474245406968,-4.971994819881445,0,0.2009262877296516,Y
251,2.0,-0.614578505518323,-0.02463892439462311,-0.28673265527995434,0.014073579786069953,-0.19881498598208885,0.4079396074964643,-0.7662274329421981,0,0.9539698037482321,Y
252,1.0,0.8588817954426404,0.017132170276975212,0.19937366564984563,-0.0015121894048421864,0.19101843551499875,-0.04383262550458015,0.7361797440283405,0,0.7280836872477099,Y
253,5.0,0.18912711318765676,0.060283719327684386,0.7015448660068365,0.014907049415661126,0.7949299629803803,0.43209872541273064,3.063637994362088,1,2.497868359887409,Y
254,4.0,-0.5699281933680088,-0.030061922330620737,-0.3498421714610115,-0.029797994050930636,-0.3471618463168321,-0.8637306344296588,-1.3379521116319892,1,-0.350841373030824,N
255,3.0,-0.391326944766671,0.026777266733689496,0.31161736887207264,0.049236165606764665,0.14893280893298097,1.427169375352178,0.5739829083098875,0,1.463584687676089,Y
256,2.0,-0.9717810027209988,-0.049147956785888486,-0.5719537072761823,0.04659049199234956,-0.5137454981782102,1.350481349119043,-1.9799608782517233,0,1.4252406745595216,Y
257,1.0,0.6802805468413026,-0.009441999348146081,-0.10988018392703608,0.013042625372341413,-0.16719035566635054,0.3780561560025206,-0.6443469862300111,0,0.9390280780012603,Y
258,1.0,1.3053849169459446,0.2545323489955317,2.962091003374305,0.020575476488364747,2.3893248428070315,0.5964048898933442,9.208391569305473,0,1.048202444946672,Y
259,1.0,0.9035321075929558,0.008576538999651294,0.09980848843461518,0.007344027089777584,-0.009923851395112121,0.2128754427791452,-0.038246247594543224,0,0.8564377213895726,Y
260,1.0,0.7695811711419583,-0.020584321537867042,-0.23954767980768638,0.016373123460511053,-0.26444097757683827,0.47459464183968003,-1.0191481814740075,0,0.98729732091984,Y
261,2.0,-0.8824803784203168,-0.09321856220131555,-1.0848203206141478,-0.02402010159128054,-0.8983954581816843,-0.6962514842791453,-3.462391138621196,0,0.40187425786042735,Y
262,2.0,-0.3466766326163294,0.037241972057088936,0.4333991762287039,-0.004662869525240742,0.3412838876494048,-0.13515887164804383,1.3152986222160108,0,0.6824205641759781,Y
263,5.0,0.8142314832923,0.019847343747750382,0.230971185344778,0.00041385306677323846,1.0733417224772765,0.011996028031744146,4.136629181251018,1,2.824312604641381,Y
264,4.0,-1.1950325634726509,-0.025516886399126908,-0.29694983735959174,-0.004136588680191469,-0.30749259574076726,-0.11990398947692708,-1.1850679219141311,1,0.09751404430447086,Y
265,3.0,-1.8201369335772941,-0.17755097725546495,-2.066229123505088,-0.09204481541006948,-1.6344520603498893,-2.6680294879653883,-6.299132835901047,0,-0.5840147439826942,N
266,1.0,-0.03412444756402149,-0.030202738628344064,-0.3514809049668342,-0.007201132313091936,-0.34839089644619914,-0.2087334661107686,-1.342688836687851,0,0.6456332669446156,Y
267,4.0,0.6356302346909621,0.024791615524665654,0.28850958078423283,0.008329251921134213,0.23261669106605154,0.2414333674229666,0.8964982653325052,1,1.3189658163777358,Y
268,3.0,-0.21272569616533316,-0.047714695748182184,-0.5552742964192492,-0.04059002472704657,-0.5012359400355104,-1.176550600992973,-1.9317493886822923,0,0.16172469950351354,Y
269,5.0,-0.2573760083156736,-0.060887225536803424,-0.7085681002619977,0.01340939641585254,-0.5151915697186215,0.3886874550611363,-1.9855339977969466,1,-0.04842327136790514,N
270,3.0,-0.7931797541196609,0.08068623917793503,0.9389768495369695,-0.008133818659701787,0.6194524194316536,-0.23576849969404592,2.387352416249497,0,0.632115750152977,Y
271,2.0,0.010525864586318918,0.03328127450796929,0.3873070129982458,0.02030328856148585,0.20570004202761086,0.5885151960312213,0.7927622476764292,0,1.0442575980156106,Y
272,2.0,1.3053849169459446,-0.024373434569673905,-0.2836430479075599,0.023912417212454178,-0.2975125036517434,0.6931301232679684,-1.1466049242476053,0,1.0965650616339842,Y
273,5.0,0.2784277374883126,0.20345586487218217,2.3676942805105243,-0.043220712852474474,1.6909904926618198,-1.2528042548355358,6.517030383407096,1,3.38211306428578,Y
274,3.0,0.2337774253379722,-0.06595208198759368,-0.7675097860063567,-0.015979777222599037,-0.660412557225841,-0.463193028863935,-2.545211649445461,0,0.5184034855680325,Y
275,2.0,0.5909799225406479,-0.012205890624164478,-0.14204465149002762,-0.030395548698589667,-0.14080634473911902,-0.8810514733440757,-0.5426637410579757,0,0.30947426332796213,Y
276,5.0,1.21608429264529,0.003682718187223946,0.04285721030504645,0.008956466658781508,-0.05263730999228866,0.2596139396569828,-0.2028627304583949,1,0.7783756045992939,Y
277,5.0,0.2784277374883126,0.03128882746116956,0.36412013912812413,-0.07262463456082502,0.1883098866250196,-2.10511222927385,0.7257410718492014,1,0.06031442128767561,Y
278,2.0,0.010525864586318918,0.019632026158986206,0.22846545161362933,-0.008168567523983402,0.0865688709891485,-0.23677573724635798,0.33363402392964153,0,0.631612131376821,Y
279,2.0,0.14447680103731636,-0.10422359839616255,-1.212890166483276,-0.04915039646916762,-0.9944478425835306,-1.424683253920495,-3.83257435979364,0,0.0376583730397525,Y
