participant_id,agreeable,allowance_level,extraversion,group_experiment,honesty_humility,neuroticism,openness,religious_affiliation,religious_service,study_program,twt_sospeso,z_agreeable,z_honesty_humility,z_neuroticism,z_extraversion,z_openness,z_twt_sospeso,religiousservice_01,religious_composite_raw,z_religious_composite,weighted_prosocial,z_weighted_prosocial,anchored_prosocial_behavior,weighted_disclosure_noincome,weighted_disclosure_categorical,z_weighted_categorical,z_anchored_prosocial_behavior,income_high_cat,beta0,fs_deterministic_categorical,disclose_categorical
938,3.4333334,1,3.9000001,HighSub,3.0625,2,4.8000002,0,2,CLEAM,15,-.30202717,-.59013551,-1.0265762,.48950535,1.458654,1.1761,.5,.25,.23190089,.015206653,.17664956,.42651218,-.031968515,-.023059117,-.66719979,.53504854,0,.1,-.2335999,0
808,3.3166666,1,4.0999999,HighSub,3.5625,2.3,3.5,0,2,DES-ESS,5,-.6145795,.30485675,-.58795774,.77564591,-1.1063219,.16595277,.5,.25,.23190089,-.0081961891,-.095211834,-.029920682,.0040283585,.012937759,.3743479,-.037534725,0,.1,.28717396,1
732,3.5,1,3.0999999,HighSub,3.375,2.8,2.9000001,0,0,FIN,0,-.12342618,-.030765358,.14307311,-.65505826,-2.2901566,-.33912086,0,0,-.72298509,-.090673402,-1.0533164,-.87476748,-.0028446342,.0060647661,.17548202,-1.0973732,0,.1,.18774101,1
754,4.4666667,1,1.6,HighSub,4.5625,4,4.9000001,0,0,ACME,6,2.4662905,2.0948412,1.8975472,-2.8011143,1.6559597,.26696751,0,0,-.72298509,.098964475,1.1496304,.92896467,.075959586,.084868982,2.4556341,1.1653622,0,.1,1.3278171,1
818,3.3666666,1,4,MidSub,4.125,2.3,4.9000001,0,0,AFC,0,-.48062879,1.311723,-.58795774,.63257563,1.6559597,-.33912086,0,0,-.72298509,.005758788,.066897511,-.034607083,.032813814,.041723214,1.2072375,-.043413691,0,.1,.70361876,1
904,3.0666666,1,4.1999998,HighSub,3.3125,1.7,4.1999998,0,0,CLEF,0,-1.2843338,-.14263938,-1.4651946,.91871619,.27481842,-.33912086,0,0,-.72298509,-.079163827,-.91961432,-.77449095,-.023469128,-.014559727,-.42127514,-.97157896,0,.1,-.11063757,0
1005,3.7,1,4.4000001,MidSub,3.1875,3.4000001,4.6999998,0,0,FIN,0,.41237739,-.36638746,1.0203104,1.2048575,1.2613475,-.33912086,0,0,-.72298509,-.029119942,-.33827466,-.33848619,.01503196,.02394136,.69273043,-.42462221,0,.1,.44636521,1
947,3.3499999,1,3.4000001,NoSub,3.3125,2.4000001,4.1999998,0,2,BIEF,0,-.52527905,-.14263938,-.44175136,-.22584672,.27481842,-.33912086,.5,.25,.23190089,.0035442314,.041171901,-.053901292,-.013413688,-.0045042881,-.13032714,-.067617781,0,.1,.034836434,1
898,3.8666666,1,4.1999998,HighSub,2.75,2.2,4.5999999,0,0,BESS-CLES,0,.85887986,-1.1495057,-.73416376,.91871619,1.0640419,-.33912086,0,0,-.72298509,-.044906478,-.52166045,-.47602555,-.040519871,-.03161047,-.91462803,-.59716183,0,.1,-.35731402,0
736,3.5999999,1,2.4000001,HighSub,4.1875,2.0999999,3.5,0,0,PPA,0,.1444753,1.4235971,-.88037014,-1.6565509,-1.1063219,-.33912086,0,0,-.72298509,-.021752911,-.25269482,-.27430132,.01558926,.02449866,.70885551,-.34410393,0,.1,.45442775,1
1006,3.6666667,1,3,HighSub,3.5,4.4000001,4.0999999,0,2,BIG,0,.3230769,.1929827,2.482372,-.79812855,.077512793,-.33912086,.5,.25,.23190089,.030368928,.35278359,.17980748,.043442197,.052351598,1.5147634,.22556387,0,.1,.8573817,1
1047,3.8,1,4.9000001,MidSub,3.5625,2,4.5,0,0,BIEF,0,.68027884,.30485675,-1.0265762,1.9202095,.86673623,-.33912086,0,0,-.72298509,-.0094419466,-.1096833,-.16704269,.0041332021,.013042602,.37738144,-.20955075,0,.1,.28869072,1
1027,3.9666667,1,3.5999999,MidSub,3.1875,2.5999999,4.4000001,0,0,BIEM,0,1.1267819,-.36638746,-.1493393,.060293835,.66943061,-.33912086,0,0,-.72298509,-.02192279,-.25466821,-.27578136,-.013013648,-.0041042478,-.11875221,-.34596062,0,.1,.040623896,1
719,4.0999999,1,3.9000001,MidSub,3.625,2.5999999,4.6999998,0,0,PPA,0,1.4839839,.41673076,-.1493393,.48950535,1.2613475,-.33912086,0,0,-.72298509,.019498307,.22650397,.08509776,.013022981,.02193238,.63460177,.10675295,0,.1,.41730088,1
723,3.7833333,1,3.7,MidSub,4.125,2.0999999,3.7,0,4,DES-ESS,10,.63562864,1.311723,-.88037014,.20336446,-.71171016,.67102641,1,.5,1.1867869,.12246631,1.4226418,1.2347379,.024836782,.033746183,.97642696,1.5489469,0,.1,.5882135,1
918,3.7166667,1,3.3,MidSub,4.3125,3.3,3.9000001,0,2,BEMACS,0,.45702764,1.6473451,.87410396,-.36891735,-.31709847,-.33912086,.5,.25,.23190089,.070001841,.81318319,.52510715,.061372116,.070281513,2.0335546,.65873343,0,.1,1.1167773,1
848,3.1166666,1,4,NoSub,2.6875,2.8,3.5999999,0,0,AFC,0,-1.1503831,-1.2613797,.14307311,.63257563,-.90901625,-.33912086,0,0,-.72298509,-.12861285,-1.4940436,-1.205313,-.030516393,-.021606995,-.62518352,-1.5120341,0,.1,-.21259177,0
739,3.8499999,1,3.5,MidSub,3.875,3.8,3.7,0,0,MM,13,.81422961,.86422688,1.6051348,-.08277645,-.71171016,.97407055,0,0,-.72298509,-.015831521,-.1839084,.10558634,.052863993,.06177339,1.7873771,.13245535,0,.1,.99368858,1
900,3.1833334,1,3.9000001,NoSub,3.375,2.7,4.5,0,0,CLEAM,0,-.97178149,-.030765358,-.0031329209,.48950535,.86673623,-.33912086,0,0,-.72298509,-.05863836,-.68117821,-.59566391,.0023403482,.011249748,.32550633,-.74724501,0,.1,.26275316,1
720,3.95,1,2.5,NoSub,3.9375,2.7,4.3000002,0,0,DES-ESS,0,1.0821317,.97610092,-.0031329209,-1.5134807,.47212499,-.33912086,0,0,-.72298509,.013420879,.15590493,.032148484,.018572601,.027482001,.79517668,.040329449,0,.1,.49758834,1
747,3.9000001,1,3.7,NoSub,3.75,3,4.4000001,0,0,CYBER,0,.94818097,.64047885,.43548551,.20336446,.66943061,-.33912086,0,0,-.72298509,.0035818806,.041609257,-.053573273,.02786335,.03677275,1.0639988,-.067206293,0,.1,.63199943,1
1040,3.8666666,1,3,MidSub,3.25,2.8,4.6999998,0,1,CLEAM,5,.85887986,-.25451341,.14307311,-.79812855,1.2613475,.16595277,.25,.125,-.24554211,.017132163,.19901744,.19075127,-.010421616,-.0015122164,-.043753359,.23929256,0,.1,.078123324,1
882,3.8499999,1,1.6,NoSub,3.5,4.4000001,3.7,0,0,BIEF,0,.81422961,.1929827,2.482372,-2.8011143,-.71171016,-.33912086,0,0,-.72298509,-.035665579,-.41431266,-.39551473,.029923365,.038832765,1.1236042,-.49616304,0,.1,.66180211,1
786,2.8333333,1,3.8,NoSub,2.6875,1.8,3.5,0,0,M,0,-1.9094379,-1.2613797,-1.3189886,.34643474,-1.1063219,-.33912086,0,0,-.72298509,-.14992298,-1.7415949,-1.3909764,-.057848345,-.048938945,-1.4160169,-1.7449441,0,.1,-.60800844,0
1007,3.6500001,1,3.5,NoSub,3.6875,3,3.5999999,0,0,IM,1,.27842668,.52860481,.43548551,-.08277645,-.90901625,-.23810615,0,0,-.72298509,-.041750651,-.48500049,-.4232769,.022626411,.031535812,.91247123,-.53099,0,.1,.55623561,1
964,3.4166667,1,3.9000001,MidSub,3.5625,3,4.3000002,0,0,CLEACC,0,-.34667739,.30485675,.43548551,.48950535,.47212499,-.33912086,0,0,-.72298509,-.040384542,-.46913096,-.43662843,.019877583,.028786983,.83293557,-.54773915,0,.1,.51646781,1
738,3.8833334,1,3.4000001,MidSub,3.8125,3.5999999,4.1999998,0,0,PPA,6,.90353072,.75235283,1.3127224,-.22584672,.27481842,.26696751,0,0,-.72298509,-.00069975085,-.0081287296,.060645331,.043512546,.052421946,1.5167989,.076078013,0,.1,.85839945,1
961,3.5833333,1,4.1999998,MidSub,3.625,2.0999999,4.3000002,0,2,CLEF,0,.099825047,.41673076,-.88037014,.91871619,.47212499,-.33912086,.5,.25,.23190089,.038197946,.44373015,.2480174,.0032195253,.012128925,.35094476,.31113145,0,.1,.27547237,1
718,3.4333334,1,4.6999998,HighSub,4.125,1.8,4.9000001,0,0,PPA,0,-.30202717,1.311723,-1.3189886,1.6340683,1.6559597,-.33912086,0,0,-.72298509,.01000522,.1162266,.0023897327,.026872883,.035782285,1.0353403,.0029978608,0,.1,.61767018,1
942,3.1333334,1,3.5,HighSub,3,1.9,4,0,0,CLEF,0,-1.1057322,-.70200956,-1.1727824,-.08277645,-.11979283,-.33912086,0,0,-.72298509,-.097971462,-1.138095,-.93835151,-.04167679,-.032767389,-.94810277,-1.1771379,0,.1,-.37405139,0
915,3.8,1,4.4000001,HighSub,3.8125,2.2,4.9000001,0,0,BESS-CLES,35,.68027884,.75235283,-.73416376,1.2048575,1.6559597,3.1963947,0,0,-.72298509,.016832147,.19553226,.94574785,.01760789,.026517291,.76726335,1.1864164,0,.1,.48363167,1
856,3.6666667,1,4.1999998,MidSub,4.125,2,4.6999998,0,2,BEMACS,0,.3230769,1.311723,-1.0265762,.91871619,1.2613475,-.33912086,.5,.25,.23190089,.083002768,.96420974,.63837707,.027124869,.036034267,1.0426313,.80082762,0,.1,.62131566,1
834,2.7833333,1,2.7,HighSub,1.75,2.3,4.0999999,0,0,CLEAM,0,-2.0433886,-2.9394901,-.58795774,-1.2273397,.077512793,-.33912086,0,0,-.72298509,-.18311585,-2.1271832,-1.6801677,-.10535508,-.09644568,-2.7905953,-2.1077271,0,.1,-1.2952976,0
1056,3.5333333,1,3.2,NoSub,3.25,2.5,3.9000001,0,1,IM,0,-.034125689,-.25451341,-.29554534,-.51198763,-.31709847,-.33912086,.25,.125,-.24554211,-.030202698,-.35085258,-.34791964,-.01611056,-.0072011603,-.20835949,-.43645623,0,.1,-.0041797459,0
817,4.0500002,1,3.4000001,NoSub,4.125,2.5999999,4.8000002,0,1,GIO,0,1.3500338,1.311723,-.1493393,-.22584672,1.458654,-.33912086,.25,.125,-.24554211,.078352161,.91018546,.59785891,.034640234,.043549635,1.2600839,.74999863,0,.1,.73004198,1
734,4.3000002,1,3.9000001,HighSub,4.8125,2,4.8000002,0,0,DES-ESS,0,2.019788,2.5423374,-1.0265762,.48950535,1.458654,-.33912086,0,0,-.72298509,.098308295,1.1420078,.77172565,.06059042,.06949982,2.0109367,.96810997,0,.1,1.1054684,1
815,3.6666667,1,4.3000002,HighSub,4.5625,2.2,4.5,0,2,M,0,.3230769,2.0948412,-.73416376,1.0617871,.86673623,-.33912086,.5,.25,.23190089,.099616811,1.1572083,.783126,.056310378,.065219775,1.8870962,.98241144,0,.1,1.0435481,1
919,3.2333333,1,4.3000002,MidSub,3.375,3.5,4,0,0,MM,5,-.83783072,-.030765358,1.1665164,1.0617871,-.11979283,.16595277,0,0,-.72298509,-.071767777,-.83369738,-.58378482,.026523424,.035432823,1.0252289,-.73234302,0,.1,.61261445,1
913,3.75,1,4,HighSub,2.875,2.9000001,4.3000002,1,3,BESS-CLES,1,.54632813,-.92575759,.28927949,.63257563,.47212499,-.23810615,.75,.875,2.6191158,.17079782,1.9840895,1.4285406,-.018059291,-.0091498923,-.26474488,1.7920674,0,.1,-.032372437,0
956,3.7,1,4.5,NoSub,3.75,3.2,4,0,2,CLEAM,0,.41237739,.64047885,.72789794,1.3479277,-.11979283,-.33912086,.5,.25,.23190089,.042452,.49314779,.28508061,.040668536,.049577937,1.4345092,.35762629,0,.1,.8172546,1
831,2.8499999,1,2.5,NoSub,1.875,2.4000001,3.9000001,0,0,BIEM,0,-1.8647877,-2.7157421,-.44175136,-1.5134807,-.31709847,-.33912086,0,0,-.72298509,-.17878379,-2.0768592,-1.6424246,-.09813492,-.089225523,-2.5816846,-2.0603793,0,.1,-1.1908423,0
858,3.6166666,1,3.5,NoSub,2.9375,2.7,2.9000001,0,2,BIEM,0,.18912554,-.8138836,-.0031329209,-.08277645,-2.2901566,-.33912086,.5,.25,.23190089,-.041721135,-.48465762,-.44827342,-.024661912,-.015752511,-.45578763,-.56234747,0,.1,-.12789381,0
1048,4.0333333,1,3.0999999,HighSub,3.9375,2.2,3.5999999,1,4,CLEAM,10,1.305383,.97610092,-.73416376,-.65505826,-.90901625,.67102641,1,1,3.0965588,.25453207,2.9567964,2.3853538,.011666041,.02057544,.59533954,2.9923649,0,.1,.39766976,1
1050,3.8333333,1,3.8,NoSub,3.25,3.2,4.5999999,0,0,PPA,0,.76957935,-.25451341,.72789794,.34643474,1.0640419,-.33912086,0,0,-.72298509,-.020584276,-.23911925,-.26411965,.007463709,.016373109,.47374764,-.33133131,0,.1,.33687383,1
1049,3.8833334,1,3.5999999,HighSub,3.5,2.4000001,4,0,1,CLEAM,0,.90353072,.1929827,-.44175136,.060293835,-.11979283,-.33912086,.25,.125,-.24554211,.0085765682,.099630535,-.010057315,-.0015653996,.0073440005,.21249589,-.012616641,0,.1,.20624796,1
872,2.9833333,1,4.0999999,HighSub,2.8125,1.9,4.3000002,0,1,BESS-CLES,0,-1.507585,-1.0376316,-1.1727824,.77564591,.47212499,-.33912086,.25,.125,-.24554211,-.075324014,-.8750087,-.74103677,-.045800034,-.036890633,-1.0674063,-.92961156,0,.1,-.43370315,0
1004,3.8166666,1,3.0999999,HighSub,3.875,3,4.4000001,0,0,FIN,12,.72492909,.86422688,.43548551,-.65505826,.66943061,.87305588,0,0,-.72298509,.0048851953,.05674934,.26082596,.028680915,.037590314,1.0876546,.32719946,0,.1,.64382732,1
930,3.4666667,1,3.8,NoSub,3.9375,3.4000001,4.5999999,0,2,CLEACC,0,-.21272667,.97610092,1.0203104,.34643474,1.0640419,-.33912086,.5,.25,.23190089,.057083625,.66311747,.4125579,.048906289,.05781569,1.6728635,.51754326,0,.1,.93643177,1
958,4.0166669,1,3.3,NoSub,3.75,2.7,3.7,0,2,CLMG,0,1.2607334,.64047885,-.0031329209,-.36891735,-.71171016,-.33912086,.5,.25,.23190089,.052833974,.61375099,.37553304,.016380619,.02529002,.73175305,.47109655,0,.1,.46587652,1
924,3.2333333,1,3.7,NoSub,2.8125,2.4000001,4.0999999,0,2,BESS-CLES,2,-.83783072,-1.0376316,-.44175136,.20336446,.077512793,-.13709141,.5,.25,.23190089,-.033595249,-.39026248,-.32696971,-.036962207,-.028052805,-.81168914,-.41017509,0,.1,-.30584458,0
934,3.2166667,1,2.8,NoSub,3.4375,2.9000001,4.1999998,0,1,CLEACC,2,-.88248098,.081108674,.28927949,-1.0842694,.27481842,-.13709141,.25,.125,-.24554211,-.030667637,-.35625359,-.30146304,.00010422292,.009013623,.2608054,-.37817761,0,.1,.23040271,1
729,3.3333333,1,3.8,NoSub,3.5625,2.5,3.5999999,0,2,AFC,2,-.56992924,.30485675,-.29554534,.34643474,-.90901625,-.13709141,.5,.25,.23190089,-.0038717405,-.044976458,-.068005197,.0062116059,.015121005,.43751881,-.085310765,0,.1,.31875941,1
1033,3.2833333,1,3.7,HighSub,2.9375,2.7,3.5,0,0,BIEM,3,-.70388001,-.8138836,-.0031329209,.20336446,-1.1063219,-.036076687,0,0,-.72298509,-.10803694,-1.2550216,-.95028538,-.022730649,-.013821249,-.39990774,-1.1921085,0,.1,-.099953867,0
765,3.95,1,4.5,HighSub,3.3125,2.2,4.5,0,3,CLEF,0,1.0821317,-.14263938,-.73416376,1.3479277,.86673623,-.33912086,.75,.375,.70934391,.083880961,.97441131,.64602828,-.0078718886,.0010375114,.030021463,.81042588,0,.1,.11501073,1
957,3.7166667,1,4.1999998,MidSub,3.5,3.5,4.1999998,1,3,CLEAM,0,.45702764,.1929827,1.1665164,.91871619,.27481842,-.33912086,.75,.875,2.6191158,.19846852,2.3055289,1.6443665,.032169141,.041078541,1.1885843,2.0628154,0,.1,.69429219,1
853,3.55,1,2.9000001,NoSub,2.9375,2,4.0999999,0,1,BAI,0,.010524554,-.8138836,-1.0265762,-.94119883,.077512793,-.33912086,.25,.125,-.24554211,-.03914379,-.45471764,-.42581844,-.04823618,-.03932678,-1.1378947,-.53417826,0,.1,-.46894738,0
733,3.2333333,1,3.2,NoSub,3.125,4.4000001,4.0999999,0,0,MM,0,-.83783072,-.47826147,2.482372,-.51198763,.077512793,-.33912086,0,0,-.72298509,-.081727639,-.94939709,-.79682803,.025539402,.034448802,.99675685,-.99960029,0,.1,.59837842,1
975,3.4333334,2,4.0999999,NoSub,3.25,3,3.9000001,0,0,BIEM,0,-.30202717,-.25451341,.43548551,.77564591,-.31709847,-.33912086,0,0,-.72298509,-.068902709,-.80041504,-.6850915,.0052804616,.010820761,.31309384,-.85942966,0,.1,.25654691,1
806,3.1500001,2,4.1999998,HighSub,2.75,2.0999999,4.3000002,0,1,AFC,0,-1.061082,-1.1495057,-.88037014,.91871619,.47212499,-.33912086,.25,.125,-.24554211,-.068013638,-.79008704,-.67734551,-.043059945,-.037519645,-1.0856065,-.84971249,0,.1,-.44280323,0
981,3.3666666,2,4.0999999,HighSub,2.8125,3.0999999,3.3,1,3,BESS-CLES,2,-.48062879,-1.0376316,.58169156,.77564591,-1.5009336,-.13709141,.75,.875,2.6191158,.11044674,1.2830154,.92798865,-.015319205,-.0097789047,-.28294495,1.1641378,0,.1,-.041472472,0
1061,3.55,2,3.5,NoSub,3.875,2.3,4.8000002,0,1,BEMACS,0,.010524554,.86422688,-.58795774,-.08277645,1.458654,-.33912086,.25,.125,-.24554211,.033281285,.38661528,.20518124,.014762955,.020303255,.58746403,.25739458,0,.1,.39373201,1
781,3.8666666,2,4.3000002,NoSub,2.5625,3.0999999,4.9000001,0,2,MM,0,.85887986,-1.4851278,.58169156,1.0617871,1.6559597,-.33912086,.5,.25,.23190089,.019625811,.22798513,.086208627,-.026610646,-.021070348,-.60965598,.1081465,0,.1,-.20482799,0
936,3.6500001,2,3.8,NoSub,2.6875,2.3,4.1999998,1,4,M,1,.27842668,-1.2613797,-.58795774,.34643474,.27481842,-.23810615,1,1,3.0965588,.18357868,2.1325595,1.5398932,-.045148,-.0396077,-1.146023,1.9317564,0,.1,-.47301152,0
896,3.25,2,3.7,MidSub,3.3125,3.5,4.8000002,0,0,BIEM,3,-.79318047,-.14263938,1.1665164,.20336446,1.458654,-.036076687,0,0,-.72298509,-.047909074,-.55654043,-.4264245,.017423961,.022964261,.66445863,-.53493857,0,.1,.43222931,1
902,3.5666666,2,3.4000001,NoSub,3.8125,2.2,3.7,0,1,BIEM,0,.055174798,.75235283,-.73416376,-.22584672,-.71171016,-.33912086,.25,.125,-.24554211,-.0048540984,-.056388114,-.12707131,.0079515819,.013491882,.3903811,-.15940768,0,.1,.29519054,1
1065,3.7666667,2,2.7,NoSub,3.0625,2.3,4.3000002,0,1,CLEACC,2,.59097838,-.59013551,-.58795774,-1.2273397,.47212499,-.13709141,.25,.125,-.24554211,-.012205865,-.14179063,-.14061582,-.035935882,-.030395582,-.87947601,-.17639893,0,.1,-.33973801,0
762,3.8166666,2,5,MidSub,3.1875,2.5999999,4,0,0,M,4,.72492909,-.36638746,-.1493393,2.0632799,-.11979283,.064938039,0,0,-.72298509,-.04452863,-.51727116,-.37171885,.00050518592,.0060454858,.17492415,-.46631172,0,.1,.18746208,1
953,3.6500001,2,2,HighSub,3.6875,3.5,3.7,0,2,CLEAM,4,.27842668,.52860481,1.1665164,-2.2288327,-.71171016,.064938039,.5,.25,.23190089,.026172973,.30404088,.24426517,.020842293,.026382593,.76336598,.30642438,0,.1,.48168299,1
779,2.6333334,2,4.3000002,HighSub,2.125,2.4000001,4.5,0,0,M,2,-2.4452407,-2.2682459,-.44175136,1.0617871,.86673623,-.13709141,0,0,-.72298509,-.15978485,-1.8561562,-1.4263901,-.067530856,-.061990555,-1.7936573,-1.7893696,0,.1,-.79682863,0
880,4.0166669,2,2.2,NoSub,4.1875,1.8,4.0999999,0,1,CLEAM,4,1.2607334,1.4235971,-1.3189886,-1.9426918,.077512793,.064938039,.25,.125,-.24554211,.056694701,.6585995,.51018411,.0060377922,.011578092,.33500677,.64001286,0,.1,.26750338,1
955,3.55,2,3.2,MidSub,4.3125,2.5,4.3000002,0,0,BIG,2,.010524554,1.6473451,-.29554534,-.51198763,.47212499,-.13709141,0,0,-.72298509,.0077764029,.090335332,.033478647,.040085934,.045626234,1.3201691,.041998103,0,.1,.76008457,1
775,3.9000001,2,3.0999999,NoSub,3.25,3.5,4.0999999,0,0,CLMG,5,.94818097,-.25451341,1.1665164,-.65505826,.077512793,.16595277,0,0,-.72298509,-.032652076,-.37930602,-.24299133,.0083244992,.013864799,.40117124,-.30482638,0,.1,.30058563,1
857,4,2,4.8000002,HighSub,4.4375,3.7,4.1999998,0,0,CLEACC,0,1.2160825,1.8710932,1.4589288,1.7771393,.27481842,-.33912086,0,0,-.72298509,.039788242,.46220398,.26187277,.092628211,.098168515,2.8404479,.32851264,0,.1,1.520224,1
791,3.75,2,3.0999999,MidSub,4,2.5,4.3000002,1,3,DSBA,0,.54632813,1.0879749,-.29554534,-.65505826,.47212499,-.33912086,.75,.875,2.6191158,.23029999,2.6753023,1.9216964,.022591921,.028132221,.81399041,2.4107187,0,.1,.5069952,1
855,3.1666667,2,4.3000002,MidSub,3.375,1.7,3.4000001,1,0,BIEM,0,-1.0164317,-.030765358,-1.4651946,1.0617871,-1.3036275,-.33912086,0,.5,1.1867869,.033730276,.39183101,.20909303,-.019197818,-.013657517,-.39517024,.26230183,0,.1,-.097585119,0
854,4.0500002,2,3.5,MidSub,4.125,2.4000001,3.9000001,0,1,BIEF,0,1.3500338,1.311723,-.44175136,-.08277645,-.31709847,-.33912086,.25,.125,-.24554211,.048986543,.56905693,.34201247,.030525733,.036066033,1.0435504,.42904583,0,.1,.62177521,1
1069,3.55,2,4,NoSub,3.4375,1.9,4.0999999,0,2,MM,0,.010524554,.081108674,-1.1727824,.63257563,.077512793,-.33912086,.5,.25,.23190089,.019632008,.22805712,.086262621,-.013708901,-.0081686005,-.23635179,.10821424,0,.1,-.018175893,0
867,3.8833334,2,4,NoSub,3.25,2,4.1999998,0,0,BIG,0,.90353072,-.25451341,-1.0265762,.63257563,.27481842,-.33912086,0,0,-.72298509,-.030450836,-.35373509,-.35008153,-.021085858,-.015545558,-.44979957,-.43916827,0,.1,-.12489978,0
833,2.7,2,3.3,NoSub,3.375,3.0999999,3.0999999,0,1,CLEF,0,-2.2666399,-.030765358,.58169156,-.36891735,-1.8955454,-.33912086,.25,.125,-.24554211,-.10277438,-1.1938885,-.9801966,.0067068343,.012247134,.35436508,-1.2296314,0,.1,.27718255,1
925,3.6833334,2,3,HighSub,3.4375,2.3,3.9000001,0,1,BIEM,0,.36772716,.081108674,-.58795774,-.79812855,-.31709847,-.33912086,.25,.125,-.24554211,-.010731217,-.12466022,-.17827538,-.013204933,-.007664633,-.22176979,-.22364187,0,.1,-.010884896,0
954,3.7666667,2,4.1999998,MidSub,3.75,2.7,3.9000001,1,3,CLEAM,0,.59097838,.64047885,-.0031329209,.91871619,-.31709847,-.33912086,.75,.875,2.6191158,.2050875,2.3824189,1.702034,.025071297,.030611597,.88572961,2.1351578,0,.1,.5428648,1
1052,3.4166667,2,4.0999999,MidSub,3.4375,2,4.9000001,0,2,DES-ESS,4,-.34667739,.081108674,-1.0265762,.77564591,1.6559597,.064938039,.5,.25,.23190089,.037241951,.43262473,.34070307,-.010203199,-.0046628998,-.13491647,.42740324,0,.1,.032541767,1
1051,3.2166667,2,2.5999999,HighSub,2.625,3.5,3.5999999,0,1,MM,0,-.88248098,-1.3732537,1.1665164,-1.3704103,-.90901625,-.33912086,.25,.125,-.24554211,-.093218498,-1.0828817,-.89694148,-.029560417,-.024020117,-.69500577,-1.12519,0,.1,-.24750289,0
819,3.4666667,2,4.0999999,MidSub,2.9375,2.7,4,0,3,GIO,4,-.21272667,-.8138836,-.0031329209,.77564591,-.11979283,.064938039,.75,.375,.70934391,.01694612,.19685625,.1638767,-.018868126,-.013327827,-.38563085,.2055791,0,.1,-.092815422,0
887,4.1166668,2,2.4000001,NoSub,4.625,3.3,3.5999999,1,4,BIEM,20,1.5286348,2.2067153,.87410396,-1.6565509,-.90901625,1.6811737,1,1,3.0965588,.29620254,3.4408655,3.0009425,.069209822,.074750125,2.1628511,3.764605,0,.1,1.1814256,1
861,3.5666666,2,4.0999999,HighSub,4.125,2.5,4.0999999,0,0,BEMACS,0,.055174798,1.311723,-.29554534,.77564591,.077512793,-.33912086,0,0,-.72298509,-.0076047229,-.088341005,-.15103596,.038859583,.044399884,1.2846854,-.18947072,0,.1,.74234271,1
1073,3.5999999,2,3.0999999,NoSub,2.875,1.8,3.0999999,0,0,PPA,0,.1444753,-.92575759,-1.3189886,-.65505826,-1.8955454,-.33912086,0,0,-.72298509,-.1042235,-1.2107223,-.99282193,-.054690734,-.049150433,-1.4221362,-1.2454696,0,.1,-.61106807,0
1062,4.0333333,2,4.8000002,NoSub,2.9375,3.9000001,4.5999999,0,0,BIEF,0,1.305383,-.8138836,1.7513412,1.7771393,1.0640419,-.33912086,0,0,-.72298509,-.024373392,-.28313589,-.29713213,.018372124,.023912422,.6918931,-.37274462,0,.1,.44594654,1
894,3.9166667,2,3.5999999,NoSub,3.9375,2.5999999,3.7,1,1,BIG,0,.99283123,.97610092,-.1493393,.060293835,-.71171016,-.33912086,.25,.625,1.6642299,.15337253,1.7816669,1.25147,.026654467,.032194767,.93153769,1.5699369,0,.1,.56576884,1
962,3.4166667,2,4.1999998,MidSub,3.375,3.0999999,4.0999999,0,1,BIEM,2,-.34667739,-.030765358,.58169156,.91871619,.077512793,-.13709141,.25,.125,-.24554211,-.024496889,-.28457049,-.24770072,.01539751,.020937812,.60582453,-.31073418,0,.1,.40291226,1
773,3.3166666,2,4.1999998,HighSub,3.375,2.2,4,1,3,EMIT,0,-.6145795,-.030765358,-.73416376,.91871619,-.11979283,-.33912086,.75,.875,2.6191158,.15985295,1.8569473,1.3079302,-.0074631069,-.0019228068,-.055633545,1.6407648,0,.1,.072183229,1
909,3.45,2,3.2,NoSub,3.5625,3.3,4,0,2,CLMG,4,-.25737691,.30485675,.87410396,-.51198763,-.11979283,.064938039,.5,.25,.23190089,.016610892,.19296204,.16095604,.020738373,.026278673,.76035911,.20191522,0,.1,.48017955,1
852,3.2,2,4.5,NoSub,2.625,1.6,4.5,0,0,CLMG,4,-.92713124,-1.3732537,-1.6114008,1.3479277,.86673623,.064938039,0,0,-.72298509,-.097244874,-1.1296545,-.83100641,-.05947474,-.053934444,-1.5605587,-1.0424762,0,.1,-.68027931,0
881,3.4833333,2,2.5999999,HighSub,3.4375,2.7,4.0999999,0,4,BIEM,0,-.16807643,.081108674,-.0031329209,-1.3704103,.077512793,-.33912086,1,.5,1.1867869,.080046363,.92986637,.61261958,-.0069071786,-.0013668787,-.039548103,.76851553,0,.1,.080225952,1
795,2.5,2,5,HighSub,2.6875,4.0999999,4.8000002,0,0,CLMG,4,-2.8024435,-1.2613797,2.0437534,2.0632799,1.458654,.064938039,0,0,-.72298509,-.12873808,-1.4954984,-1.1053894,.012160813,.017701114,.51217264,-1.3866825,0,.1,.35608631,1
839,2.9833333,2,3.3,MidSub,2,3.0999999,2.8,0,1,BIEF,0,-1.507585,-2.4919941,.58169156,-.36891735,-2.4874628,-.33912086,.25,.125,-.24554211,-.16724052,-1.9427657,-1.5418545,-.066018045,-.060477745,-1.7498851,-1.9342169,0,.1,-.77494252,0
963,3.4166667,2,2.4000001,HighSub,3.4375,1.7,2.8,0,0,BIEF,0,-.34667739,.081108674,-1.4651946,-1.6565509,-2.4874628,-.33912086,0,0,-.72298509,-.095938601,-1.1144801,-.92064035,-.034239128,-.028698828,-.83038145,-1.1549196,0,.1,-.31519073,0
811,2.6666667,2,4.3000002,HighSub,2,2.9000001,4.5999999,0,0,MM,0,-2.3559403,-2.4919941,.28927949,1.0617871,1.0640419,-.33912086,0,0,-.72298509,-.16101016,-1.8703902,-1.4875729,-.061441869,-.055901568,-1.6174762,-1.8661219,0,.1,-.70873809,0
1046,3.1833334,2,3.7,NoSub,3.375,4.3000002,3.8,0,1,BEMACS,0,-.97178149,-.030765358,2.3361661,.20336446,-.51440454,-.33912086,.25,.125,-.24554211,-.0491479,-.57093138,-.51297873,.041050196,.046590496,1.3480693,-.64351863,0,.1,.77403468,1
829,3.2333333,2,3.2,NoSub,3.875,3.5,4.0999999,0,0,BIEM,5,-.83783072,.86422688,1.1665164,-.51198763,.077512793,.16595277,0,0,-.72298509,-.042059526,-.48858857,-.32495323,.042346895,.047887195,1.3855885,-.40764546,0,.1,.79279429,1
946,3.1833334,2,3.8,NoSub,3.25,2.4000001,4.5,0,0,BEMACS,0,-.97178149,-.25451341,-.44175136,.34643474,.86673623,-.33912086,0,0,-.72298509,-.065249711,-.75797963,-.65326494,-.012856842,-.0073165423,-.211698,-.81950408,0,.1,-.0058489963,0
821,3.6333334,2,3.4000001,NoSub,3.875,2.3,4.5,0,0,CLEAM,0,.23377642,.86422688,-.58795774,-.22584672,.86673623,-.33912086,0,0,-.72298509,-.0035296076,-.041002035,-.11553174,.013797325,.019337624,.55952412,-.1449316,0,.1,.37976205,1
980,2.5333333,2,3.3,MidSub,2.875,3.5,4.3000002,0,1,BESS-CLES,0,-2.7131429,-.92575759,1.1665164,-.36891735,.47212499,-.33912086,.25,.125,-.24554211,-.10068168,-1.1695786,-.96196413,-.009578296,-.0040379958,-.11683525,-1.2067592,0,.1,.041582376,1
1026,2.7833333,2,3.9000001,HighSub,2.1875,3.2,4.1999998,0,0,BIEM,0,-2.0433886,-2.1563721,.72789794,.48950535,.27481842,-.33912086,0,0,-.72298509,-.15671329,-1.8204752,-1.4501367,-.047767159,-.042226858,-1.2218068,-1.8191592,0,.1,-.51090336,0
1024,3.1666667,2,4.3000002,HighSub,2.1875,3.5999999,4.4000001,0,1,MM,4,-1.0164317,-2.1563721,1.3127224,1.0617871,.66943061,.064938039,.25,.125,-.24554211,-.093440272,-1.085458,-.79785901,-.033744361,-.028204061,-.81606567,-1.0008936,0,.1,-.30803284,0
912,3.9000001,2,2.3,MidSub,4,2.5999999,3.5,0,0,ACME,0,.94818097,1.0879749,-.1493393,-1.7996216,-1.1063219,-.33912086,0,0,-.72298509,-.012561036,-.14591651,-.19421759,.01740694,.022947241,.66396618,-.24364097,0,.1,.43198308,1
753,3.6833334,2,3,MidSub,3.9375,2.4000001,3.3,0,0,DSBA,0,.36772716,.97610092,-.44175136,-.79812855,-1.5009336,-.33912086,0,0,-.72298509,-.036193274,-.4204427,-.40011224,.015780549,.02132085,.61690754,-.50193053,0,.1,.40845376,1
809,3.4666667,2,4.0999999,HighSub,2.9375,2.2,3.4000001,0,0,GIO,8,-.21272667,-.8138836,-.73416376,.77564591,-1.3036275,.46899694,0,0,-.72298509,-.099622115,-1.15727,-.75070322,-.031568471,-.026028171,-.75310761,-.94173789,0,.1,-.27655381,0
864,2.9666667,2,2.5999999,HighSub,2.4375,2.2,3.5999999,0,0,BIEM,0,-1.5522352,-1.7088758,-.73416376,-1.3704103,-.90901625,-.33912086,0,0,-.72298509,-.15138999,-1.7586365,-1.4037576,-.072498344,-.06695804,-1.9373884,-1.7609777,0,.1,-.86869419,0
849,2.8666666,2,3.9000001,NoSub,2.625,3,4,0,2,BIEM,0,-1.8201374,-1.3732537,.43548551,.48950535,-.11979283,-.33912086,.5,.25,.23190089,-.070130445,-.81467712,-.69578803,-.02970756,-.02416726,-.69926327,-.87284815,0,.1,-.24963164,0
1037,2.8666666,2,4.4000001,HighSub,2.5625,2.4000001,4,0,0,CLEF,0,-1.8201374,-1.4851278,-.44175136,1.2048575,-.11979283,-.33912086,0,0,-.72298509,-.1380969,-1.6042161,-1.2879423,-.043425497,-.037885197,-1.0961834,-1.6156905,0,.1,-.44809172,0
835,3.5666666,2,3.5999999,MidSub,3.625,3.5,4,0,0,CLEAM,0,.055174798,.41673076,1.1665164,.060293835,-.11979283,-.33912086,0,0,-.72298509,-.037312977,-.43344983,-.40986758,.032986712,.038527012,1.1147573,-.51416832,0,.1,.65737867,1
1038,3.3166666,2,2.7,MidSub,3.375,3.4000001,3.3,0,2,CLEAM,4,-.6145795,-.030765358,1.0203104,-1.2273397,-1.5009336,.064938039,.5,.25,.23190089,-.024638912,-.28622031,-.19843072,.0085332626,.014073563,.40721169,-.24892622,0,.1,.30360585,1
893,3.5333333,2,3.9000001,NoSub,3.6875,2.8,3.9000001,0,2,BESS-CLES,0,-.034125689,.52860481,.14307311,.48950535,-.31709847,-.33912086,.5,.25,.23190089,.025267422,.29352146,.13536088,.021408796,.026949096,.77975744,.16980675,0,.1,.48987871,1
997,3.4833333,2,4,NoSub,3.0625,4.0999999,3.9000001,0,1,BIEF,0,-.16807643,-.59013551,2.0437534,.63257563,-.31709847,-.33912086,.25,.125,-.24554211,-.04330454,-.5030514,-.46206877,.022338562,.027878862,.80665964,-.57965338,0,.1,.50332981,1
760,4.0500002,2,3.9000001,MidSub,3.5625,2.9000001,4,0,0,M,0,1.3500338,.30485675,.28927949,.48950535,-.11979283,-.33912086,0,0,-.72298509,-.0098320842,-.11421537,-.17044175,.017337516,.022877816,.66195738,-.21381478,0,.1,.43097869,1
870,3.5833333,2,3.0999999,MidSub,3.125,2.8,3.9000001,0,2,BIEM,0,.099825047,-.47826147,.14307311,-.65505826,-.31709847,-.33912086,.5,.25,.23190089,-.0012988518,-.015088244,-.096096396,-.016067339,-.010527039,-.30459177,-.12055045,0,.1,-.052295886,0
1002,3.7833333,2,3.0999999,MidSub,3.25,2.7,3.8,0,1,CLEF,0,.63562864,-.25451341,-.0031329209,-.65505826,-.51440454,-.33912086,.25,.125,-.24554211,-.01754147,-.2037722,-.23760937,-.011996053,-.006455753,-.18679158,-.29807484,0,.1,.0066042095,1
1060,3.25,3,4.5,NoSub,2.6875,3.4000001,4.8000002,1,1,M,0,-.79318047,-1.2613797,1.0203104,1.3479277,1.458654,-.33912086,.25,.625,1.6642299,.080686092,.93729782,.61819315,-.010447822,-.0081338212,-.23534547,.77550739,0,.1,-.017672732,0
793,3.45,3,3.9000001,HighSub,4,2.7,4.6999998,0,0,ACME,16,-.25737691,1.0879749,-.0031329209,.48950535,1.2613475,1.2771147,0,0,-.72298509,-.0020702304,-.02404904,.3012419,.035397109,.03771111,1.0911497,.37790021,0,.1,.64557487,1
884,4.0500002,3,2.5,MidSub,3.625,3.3,3.9000001,0,2,CLEACC,1,1.3500338,.41673076,.87410396,-1.5134807,-.31709847,-.23810615,.5,.25,.23190089,.054871518,.6374203,.41853869,.017284632,.019598631,.56707615,.52504599,0,.1,.38353807,1
897,4.1333332,3,3.5999999,HighSub,4.4375,2.4000001,4,0,2,BIEM,0,1.5732844,1.8710932,-.44175136,.060293835,-.11979283,-.33912086,.5,.25,.23190089,.10641616,1.2361937,.84236503,.048019744,.050333742,1.4563779,1.0567253,0,.1,.82818896,1
976,3.4166667,3,4.1999998,NoSub,2.875,2.7,3.5999999,1,4,CLEAM,0,-.34667739,-.92575759,-.0031329209,.91871619,-.90901625,-.33912086,1,1,3.0965588,.15905617,1.8476914,1.3009883,-.021208171,-.018894171,-.54668963,1.6320564,0,.1,-.17334482,0
814,3.1500001,3,3,NoSub,3,3.2,3.4000001,0,0,CLEAM,0,-1.061082,-.70200956,.72789794,-.79812855,-1.3036275,-.33912086,0,0,-.72298509,-.11648694,-1.3531818,-1.0996666,-.013484043,-.011170044,-.32319671,-1.3795035,0,.1,-.061598353,0
768,3.5833333,3,3.0999999,NoSub,3.375,2,4.3000002,0,2,IM,0,.099825047,-.030765358,-1.0265762,-.65505826,.47212499,-.33912086,.5,.25,.23190089,.024975242,.29012731,.13281527,-.023165185,-.020851186,-.6033147,.16661334,0,.1,-.20165735,0
777,3.5333333,3,4.0999999,NoSub,3.5,2.3,4.0999999,0,2,MM,0,-.034125689,.1929827,-.58795774,.77564591,.077512793,-.33912086,.5,.25,.23190089,.021876078,.25412557,.10581396,.0007226821,.003036682,.087866247,.13274089,0,.1,.14393312,1
965,3.1666667,3,3.9000001,MidSub,2.875,2.4000001,3.5,0,0,BIEF,8,-1.0164317,-.92575759,-.44175136,.48950535,-1.1063219,.46899694,0,0,-.72298509,-.11877384,-1.3797479,-.91756165,-.031725269,-.029411267,-.85099542,-1.1510575,0,.1,-.32549772,0
727,3.7166667,3,4.0999999,HighSub,2.75,3.8,4.3000002,0,0,CLELI,0,.45702764,-1.1495057,1.6051348,.77564591,.47212499,-.33912086,0,0,-.72298509,-.064249448,-.74635994,-.6445502,-.00084439869,.0014696013,.042523719,-.80857164,0,.1,.12126186,1
935,3.0166667,3,4,MidSub,3.1875,4,4.4000001,0,0,BESS-CLES,1,-1.4182845,-.36638746,1.8975472,.63257563,.66943061,-.23810615,0,0,-.72298509,-.082434289,-.95760596,-.777731,.026409846,.028723845,.83110869,-.97564352,0,.1,.51555437,1
885,3.7166667,3,3.3,HighSub,3.375,2.7,4,0,2,CLEAM,7,.45702764,-.030765358,-.0031329209,-.36891735,-.11979283,.36798221,.5,.25,.23190089,.023679545,.27507573,.29830235,-.0034534384,-.0011394385,-.032967258,.37421262,0,.1,.083516374,1
888,3.6500001,3,3.5,HighSub,3.375,3.0999999,4.5999999,0,1,BIEF,6,.27842668,-.030765358,.58169156,-.08277645,1.0640419,.26696751,.25,.125,-.24554211,.0066798162,.077596724,.12493942,.008638096,.010952096,.31689394,.15673329,0,.1,.25844696,1
960,4.0333333,3,3,HighSub,3.4375,3.0999999,3.7,1,4,CLEAM,0,1.305383,.081108674,.58169156,-.79812855,-.71171016,-.33912086,1,1,3.0965588,.2313495,2.6874938,1.9308401,.0071156183,.0094296187,.27284199,2.4221892,0,.1,.23642099,1
792,3.5666666,3,1.6,HighSub,3.125,2,4.0999999,0,0,GIO,0,.055174798,-.47826147,-1.0265762,-2.8011143,.077512793,-.33912086,0,0,-.72298509,-.06049554,-.70275235,-.61184448,-.050872352,-.048558351,-1.4050046,-.76754314,0,.1,-.60250229,0
740,3.45,3,2.5999999,HighSub,3.25,2.3,4,0,2,FIN,8,-.25737691,-.25451341,-.58795774,-1.3704103,-.11979283,.46899694,.5,.25,.23190089,.000082510218,.00095848163,.1179681,-.026984487,-.024670485,-.7138238,.14798795,0,.1,-.2569119,0
1058,3.4666667,3,2.4000001,NoSub,2.9375,2.4000001,4,0,1,DES-ESS,0,-.21272667,-.8138836,-.44175136,-1.6565509,-.11979283,-.33912086,.25,.125,-.24554211,-.047714654,-.55428195,-.50049168,-.042904057,-.040590055,-1.1744468,-.62785393,0,.1,-.48722342,0
807,3.3666666,3,3,MidSub,2.8125,2.9000001,3.9000001,0,0,AFC,3,-.48062879,-1.0376316,.28927949,-.79812855,-.31709847,-.036076687,0,0,-.72298509,-.096288875,-1.1185491,-.84793103,-.031021278,-.028707277,-.83062589,-1.0637077,0,.1,-.31531295,0
890,3.9666667,3,3.5,NoSub,2.9375,2.8,4.4000001,0,1,BIG,0,1.1267819,-.8138836,.14307311,-.08277645,.66943061,-.33912086,.25,.125,-.24554211,-.0028151097,-.032702003,-.10930672,-.022121845,-.019807843,-.5731262,-.13712247,0,.1,-.1865631,0
724,3.7666667,3,3.3,MidSub,4.375,4.5,4.4000001,0,0,DES-ESS,0,.59097838,1.7592192,2.6285782,-.36891735,.66943061,-.33912086,0,0,-.72298509,.028145794,.32695833,.16043854,.095158629,.097472623,2.8203127,.20126602,0,.1,1.5101564,1
837,3.5666666,3,3.9000001,MidSub,4.25,1.8,4.1999998,0,0,BIEM,0,.055174798,1.5354711,-1.3189886,.48950535,.27481842,-.33912086,0,0,-.72298509,.0022694734,.026363552,-.065007553,.025759192,.028073194,.8122825,-.0815503,0,.1,.50614125,1
769,3.8333333,3,3.5999999,HighSub,3.25,3.4000001,4.4000001,0,1,FIN,0,.76957935,-.25451341,1.0203104,.060293835,.66943061,-.33912086,.25,.125,-.24554211,.0052204239,.060643554,-.039297551,.010612587,.012926587,.37402463,-.049297765,0,.1,.28701231,1
722,3.1333334,3,2.9000001,HighSub,3.9375,4.6999998,4.9000001,0,0,DES-ESS,0,-1.1057322,.97610092,2.9209902,-.94119883,1.6559597,-.33912086,0,0,-.72298509,-.019020699,-.2209558,-.25049707,.073236503,.075550504,2.1860096,-.31424212,0,.1,1.1930048,1
987,3.3333333,3,3.7,HighSub,3.25,2.5999999,3.4000001,1,4,CLEF,0,-.56992924,-.25451341,-.1493393,.20336446,-1.3036275,-.33912086,1,1,3.0965588,.16705652,1.9406283,1.3706911,-.008742339,-.0064283391,-.18599838,1.7194967,0,.1,.0070008114,1
742,3.25,3,3,NoSub,3.0625,3.5,4.0999999,0,0,CLELI,0,-.79318047,-.59013551,1.1665164,-.79812855,.077512793,-.33912086,0,0,-.72298509,-.083971716,-.9754656,-.81637943,-.0025581601,-.00024416001,-.0070629204,-1.024127,0,.1,.096468538,1
764,3.4333334,3,3.8,HighSub,3.25,2.8,3.5,0,2,MM,0,-.30202717,-.25451341,.14307311,.34643474,-1.1063219,-.33912086,.5,.25,.23190089,-.017293327,-.20088962,-.23544744,-.0026965695,-.00038256956,-.011067716,-.29536274,0,.1,.094466142,1
988,2.45,3,4.5999999,HighSub,2.625,3,4.8000002,0,0,BIG,0,-2.9363942,-1.3732537,.43548551,1.490998,1.458654,-.33912086,0,0,-.72298509,-.13522856,-1.5708957,-1.262952,-.022948146,-.020634146,-.59703475,-1.5843407,0,.1,-.19851738,0
1045,3.4000001,3,2.2,HighSub,4,3.8,3.7,0,2,BIEM,0,-.39132765,1.0879749,1.6051348,-1.9426918,-.71171016,-.33912086,.5,.25,.23190089,.026777273,.31106079,.14851537,.04692214,.049236141,1.4246194,.18630871,0,.1,.81230974,1
1055,2.8666666,3,3.0999999,MidSub,2.125,1.8,3.5,0,0,MM,0,-1.8201374,-2.2682459,-1.3189886,-.65505826,-1.1063219,-.33912086,0,0,-.72298509,-.17755085,-2.0625367,-1.6316828,-.094358847,-.092044845,-2.66326,-2.0469041,0,.1,-1.23163,0
842,3.4000001,3,3.0999999,MidSub,3.75,2.2,3.8,0,0,BIEM,0,-.39132765,.64047885,-.73416376,-.65505826,-.51440454,-.33912086,0,0,-.72298509,-.047843359,-.55577701,-.50161296,.0017490124,.0040630125,.1175625,-.62926054,0,.1,.15878125,1
1019,3.9833333,3,3.8,NoSub,3.875,1.8,3.7,1,4,BIEM,0,1.1714323,.86422688,-1.3189886,.34643474,-.71171016,-.33912086,1,1,3.0965588,.25130442,2.9193022,2.1046965,.0049595023,.0072735022,.21045606,2.6402876,0,.1,.20522803,1
836,4.2166667,3,3.8,NoSub,3.75,2.2,4.3000002,0,1,CLEAM,0,1.7965362,.64047885,-.73416376,.34643474,.47212499,-.33912086,.25,.125,-.24554211,.052819919,.61358774,.37541059,.0085084289,.010822429,.31314212,.47094291,0,.1,.25657105,1
865,3.6833334,3,4,MidSub,4.0625,2.9000001,3.4000001,0,3,BIEM,0,.36772716,1.199849,.28927949,.63257563,-1.3036275,-.33912086,.75,.375,.70934391,.070672087,.82096916,.53094667,.044748556,.047062557,1.3617282,.66605896,0,.1,.78086412,1
959,3.8333333,3,3.7,MidSub,3.6875,1.8,3.9000001,0,4,CLEF,0,.76957935,.52860481,-1.3189886,.20336446,-.31709847,-.33912086,1,.5,1.1867869,.10903709,1.2666399,.86519974,-.0059231557,-.0036091558,-.10442702,1.0853708,0,.1,.047786489,1
816,3.3166666,3,4.4000001,MidSub,3.75,4.0999999,4.5999999,1,3,CLMG,1,-.6145795,.64047885,2.0437534,1.2048575,1.0640419,-.23810615,.75,.875,2.6191158,.19926408,2.3147705,1.6765513,.062563524,.064877525,1.8771935,2.1031904,0,.1,1.0385967,1
748,2.9333334,3,3.2,NoSub,2.875,3.7,4.5999999,0,0,GIO,2,-1.6415358,-.92575759,1.4589288,-.51198763,1.0640419,-.13709141,0,0,-.72298509,-.097745009,-1.1354644,-.88587117,-.0054637869,-.0031497867,-.091135465,-1.1113026,0,.1,.054432269,1
730,3.7833333,3,2.8,NoSub,3.8125,2.9000001,4.3000002,0,1,GIO,0,.63562864,.75235283,.28927949,-1.0842694,.47212499,-.33912086,.25,.125,-.24554211,.028523853,.33135012,.16373238,.019938279,.02225228,.6438579,.20539805,0,.1,.42192894,1
1064,3.6333334,3,3.5,MidSub,3.25,2.3,3.5999999,0,0,CLEAM,0,.23377642,-.25451341,-.58795774,-.08277645,-.90901625,-.33912086,0,0,-.72298509,-.065951988,-.76613766,-.65938348,-.018293807,-.015979808,-.46236432,-.82717961,0,.1,-.13118216,0
992,4.0666666,3,3,MidSub,3.8125,2,3.8,0,0,CLEAM,1,1.3946835,.75235283,-1.0265762,-.79812855,-.51440454,-.23810615,0,0,-.72298509,-.0020734828,-.024086822,-.07759165,-.00099108194,.0013229181,.038279533,-.097336724,0,.1,.11913977,1
990,3.3,3,4,HighSub,2.5625,2.5999999,4.8000002,0,0,BEMACS,15,-.65922976,-1.4851278,-.1493393,.63257563,1.458654,1.1761,0,0,-.72298509,-.084392376,-.98035222,-.44123918,-.042207886,-.039893888,-1.1543037,-.55352318,0,.1,-.47715184,0
889,4.0166669,3,3,NoSub,4.3125,4.3000002,4.5,0,0,BIG,4,1.2607334,1.6473451,2.3361661,-.79812855,.86673623,.064938039,0,0,-.72298509,.044027053,.51144451,.39981788,.083875924,.086189926,2.4938548,.50156122,0,.1,1.3469274,1
846,4.2166667,3,2.3,MidSub,3.8125,2.2,4.8000002,0,0,BIEM,0,1.7965362,.75235283,-.73416376,-1.7996216,1.458654,-.33912086,0,0,-.72298509,.040109437,.46593517,.26467115,-.0026703598,-.00035635979,-.010309353,.33202314,0,.1,.094845325,1
921,3.55,3,3.3,HighSub,4.125,2.7,3.7,0,1,M,4,.010524554,1.311723,-.0031329209,-.36891735,-.71171016,.064938039,.25,.125,-.24554211,.010612679,.12328321,.10869692,.036214676,.038528677,1.1148056,.13635749,0,.1,.65740281,1
716,3.25,3,4.6999998,MidSub,2.4375,1.6,4.4000001,0,1,M,0,-.79318047,-1.7088758,-1.6114008,1.6340683,.66943061,-.33912086,.25,.125,-.24554211,-.074909545,-.87019402,-.73742574,-.067460507,-.065146513,-1.884973,-.92508161,0,.1,-.8424865,0
933,3.9333334,3,3.2,NoSub,3,2.3,3.7,0,0,CLEAM,0,1.0374814,-.70200956,-.58795774,-.51198763,-.71171016,-.33912086,0,0,-.72298509,-.056802951,-.65985698,-.57967293,-.034413405,-.032099403,-.92877501,-.72718477,0,.1,-.36438751,0
986,3.6500001,3,4.1999998,NoSub,3.3125,2.4000001,4.1999998,0,1,CLEF,0,.27842668,-.14263938,-.44175136,.91871619,.27481842,-.33912086,.25,.125,-.24554211,-.0096772481,-.1124167,-.16909274,-.005688644,-.0033746439,-.097641565,-.2121225,0,.1,.051179219,1
772,3.7666667,3,3.9000001,HighSub,3.0625,2.4000001,4.3000002,0,0,AFC,0,.59097838,-.59013551,-.44175136,.48950535,.47212499,-.33912086,0,0,-.72298509,-.044536252,-.51735967,-.47279996,-.021808239,-.019494239,-.56405222,-.59311539,0,.1,-.18202612,0
968,2.5833333,3,2.5999999,HighSub,2.6875,2.0999999,2.0999999,0,0,BEMACS,0,-2.5791922,-1.2613797,-.88037014,-1.3704103,-3.8686035,-.33912086,0,0,-.72298509,-.21152692,-2.4572229,-1.9276974,-.061815713,-.059501711,-1.7216442,-2.4182467,0,.1,-.76082206,0
812,3.7166667,3,3.5999999,MidSub,3.8125,2.3,4,0,1,DSBA,2,.45702764,.75235283,-.58795774,.060293835,-.11979283,-.13709141,.25,.125,-.24554211,.014488892,.16831161,.091960855,.012422908,.014736908,.42640519,.11536253,0,.1,.31320259,1
949,3.7833333,3,4.4000001,MidSub,3.625,3.5,5,0,1,CLEAM,0,.63562864,.41673076,1.1665164,1.2048575,1.8532653,-.33912086,.25,.125,-.24554211,.041446742,.48147011,.27632236,.040711761,.043025758,1.2449259,.34663931,0,.1,.72246295,1
726,3.1166666,3,3.2,NoSub,2.0625,1.9,2.5,0,2,CYBER,0,-1.1503831,-2.38012,-1.1727824,-.51198763,-3.07938,-.33912086,.5,.25,.23190089,-.13290015,-1.5438474,-1.2426658,-.094158828,-.091844827,-2.6574726,-1.5588923,0,.1,-1.2287363,0
886,3.6333334,3,2.5999999,MidSub,3.375,3.5999999,4.1999998,0,1,CLEACC,5,.23377642,-.030765358,1.3127224,-1.3704103,.27481842,.16595277,.25,.125,-.24554211,-.0074331765,-.086348221,-.023272973,.012647764,.014961763,.43291122,-.029195342,0,.1,.3164556,1
717,4.0500002,4,4.4000001,MidSub,4,3,4.3000002,1,2,ACME,25,1.3500338,1.0879749,.43548551,1.2048575,.47212499,2.1862473,.5,.75,2.1416728,.21707851,2.5217135,2.4378469,.047845468,.044630971,1.2913717,3.0582163,1,.1,2.2747941,1
845,3,4,3.4000001,NoSub,2.9375,3,3,0,1,BIEF,0,-1.4629349,-.8138836,.43548551,-.22584672,-2.0928509,-.33912086,.25,.125,-.24554211,-.11006807,-1.2786164,-1.0437425,-.018007334,-.021221835,-.61403918,-1.3093481,1,.1,-.86169362,0
851,3.1166666,4,4.0999999,NoSub,2.9375,1.2,4.5999999,0,1,BESS-CLES,0,-1.1503831,-.8138836,-2.1962254,.77564591,1.0640419,-.33912086,.25,.125,-.24554211,-.0504313,-.58584011,-.52416027,-.056969162,-.060183659,-1.7413759,-.65754557,1,.1,-1.0994607,0
1054,3.0999999,4,3.8,NoSub,3.1875,3,4,0,2,MM,0,-1.1950333,-.36638746,.43548551,.34643474,-.11979283,-.33912086,.5,.25,.23190089,-.025516884,-.29641938,-.30709475,-.00092210708,-.0041366071,-.11968851,-.38524246,1,.1,-.15246549,0
948,3.6833334,4,3,MidSub,3.8125,2.4000001,3.9000001,1,1,CLEAM,0,.36772716,.75235283,-.44175136,-.79812855,-.31709847,-.33912086,.25,.625,1.6642299,.13842438,1.6080203,1.121235,.0091691967,.0059546963,.17229722,1.4065604,1,.1,.88942885,1
828,3.6666667,4,4.4000001,HighSub,3.4375,3,4.3000002,0,1,BIEM,0,.3230769,.081108674,.43548551,1.2048575,.47212499,-.33912086,.25,.125,-.24554211,.001258567,.014620259,-.073815018,.018094385,.014879885,.43054211,-.092599042,1,.1,.26897153,1
939,3.3166666,4,3.5999999,MidSub,3.5,3.7,3.9000001,1,4,CLEAM,12,-.6145795,.1929827,1.4589288,.060293835,-.31709847,.87305588,1,1,3.0965588,.19553185,2.2714148,1.9218251,.031455498,.028240997,.81713778,2.4108801,1,.1,1.7140089,1
1023,4.1666665,4,3,NoSub,3.6875,3.4000001,4,0,2,BIEF,0,1.6625849,.52860481,1.0203104,-.79812855,-.11979283,-.33912086,.5,.25,.23190089,.068871252,.8000496,.515257,.027958537,.024744036,.71595532,.64637667,1,.1,.78116602,1
741,3.6666667,4,3.5999999,NoSub,3.75,2.0999999,4.5999999,0,1,ACME,0,.3230769,.64047885,-.88037014,.060293835,1.0640419,-.33912086,.25,.125,-.24554211,.027575478,.32033321,.15546969,.0040370943,.00082259421,.023802964,.19503273,1,.1,.20941785,1
746,3.1833334,4,3.9000001,MidSub,3.5625,2.4000001,3.8,0,1,ACME,1,-.97178149,.30485675,-.44175136,.48950535,-.51440454,-.23810615,.25,.125,-.24554211,-.039230872,-.45572925,-.40132347,.0046371715,.0014226715,.041165836,-.50344998,1,.1,-.13114206,0
926,3.4833333,4,1.9,HighSub,3.75,2.5999999,3.4000001,0,0,BIEF,0,-.16807643,.64047885,-.1493393,-2.3719032,-1.3036275,-.33912086,0,0,-.72298509,-.055586718,-.64572853,-.5690766,.00032171453,-.0028927855,-.083699286,-.71389192,1,.1,-.29879561,0
776,3.4333334,4,3.9000001,HighSub,2.875,2.4000001,3.4000001,0,0,BIEM,25,-.30202717,-.92575759,-.44175136,.48950535,-1.3036275,2.1862473,0,0,-.72298509,-.105051,-1.2203351,-.36868951,-.031725269,-.034939766,-1.0109591,-.46251151,1,.1,-.63673532,0
911,3.95,4,3.5999999,NoSub,2.9375,3,3.8,0,0,CLEAM,0,1.0821317,-.8138836,.43548551,.060293835,-.51440454,-.33912086,0,0,-.72298509,-.055784181,-.64802235,-.57079697,-.016076075,-.019290576,-.55815935,-.71605009,1,.1,-.53710473,0
908,3.4333334,4,4.1999998,HighSub,3.625,1.9,4.5,0,0,BESS-CLES,4,-.30202717,.41673076,-1.1727824,.91871619,.86673623,.064938039,0,0,-.72298509,-.029491579,-.34259179,-.24070933,-.0018606117,-.0050751115,-.14684357,-.30196366,1,.1,-.12440361,0
903,3.3499999,4,4,HighSub,3.0625,4,3.9000001,1,3,BESS-CLES,5,-.52527905,-.59013551,1.8975472,.63257563,-.31709847,.16595277,.75,.875,2.6191158,.14218493,1.651705,1.280267,.019798493,.016583994,.47984949,1.6060621,1,.1,1.1429558,1
873,3.8166666,4,2.7,HighSub,4.4375,3.3,4.0999999,0,0,BIEF,3,.72492909,1.8710932,.87410396,-1.2273397,.077512793,-.036076687,0,0,-.72298509,.024847737,.28864613,.20746543,.062189683,.058975186,1.7064128,.26026005,1,.1,1.0833365,1
920,3.6333334,4,3.4000001,NoSub,3.8125,1.6,4.5,0,4,CLEF,5,.23377642,.75235283,-1.6114008,-.22584672,.86673623,.16595277,1,.5,1.1867869,.12248626,1.4228736,1.1086434,-.0072888336,-.010503333,-.30390584,1.3907646,1,.1,.6434294,1
982,3.6833334,4,3.3,MidSub,3.9375,2.4000001,4,0,2,BIEF,4,.36772716,.97610092,-.44175136,-.36891735,-.11979283,.064938039,.5,.25,.23190089,.051307425,.59601766,.46324775,.018677441,.015462941,.44741252,.58113235,1,.1,.61427242,1
1057,3.7833333,4,3.3,MidSub,3.5625,2.9000001,3.5999999,0,2,M,4,.63562864,.30485675,.28927949,-.36891735,-.90901625,.064938039,.5,.25,.23190089,.024791604,.28799406,.23223005,.01154373,.0083292304,.24100292,.29132664,1,.1,.36616477,1
830,3.9166667,4,3.7,HighSub,3.6875,3.3,4.3000002,0,0,CLEAM,44,.99283123,.52860481,.87410396,.20336446,.47212499,4.1055269,0,0,-.72298509,-.0019250346,-.022362357,1.0096099,.03217788,.02896338,.83803946,1.2665297,1,.1,1.1522846,1
929,3.3,4,4.0999999,HighSub,2.75,2.3,3.5,0,1,CLEAM,12,-.65922976,-1.1495057,-.58795774,.77564591,-1.1063219,.87305588,.25,.125,-.24554211,-.084561974,-.98232239,-.5184778,-.038945436,-.042159934,-1.2198703,-.65041703,1,.1,-.83514369,0
859,4.0166669,4,4.1999998,MidSub,3.3125,2,4.4000001,0,2,CLEF,0,1.2607334,-.14263938,-1.0265762,.91871619,.66943061,-.33912086,.5,.25,.23190089,.052534163,.61026818,.37292093,-.015848922,-.019063422,-.55158681,.46781972,1,.1,.058116458,1
750,3.6166666,4,3.4000001,NoSub,4.125,3.4000001,3.4000001,0,1,MM,0,.18912554,1.311723,1.0203104,-.22584672,-1.3036275,-.33912086,.25,.125,-.24554211,.0050705587,.058902632,-.040603243,.054960795,.051746294,1.4972492,-.050935719,1,.1,.82315677,1
745,3.7833333,4,1.7,MidSub,4.0625,3.0999999,4.4000001,0,1,CLEF,0,.63562864,1.199849,.58169156,-2.6580439,.66943061,-.33912086,.25,.125,-.24554211,.045009404,.52285612,.30736187,.027619181,.02440468,.70613629,.38557756,1,.1,.64585692,1
927,3.8499999,4,4.5,MidSub,3.25,1.9,4.6999998,1,2,PPA,0,.81422961,-.25451341,-1.1727824,1.3479277,1.2613475,-.33912086,.5,.75,2.1416728,.17772248,2.0645306,1.4636178,-.018797774,-.022012275,-.63691008,1.8360709,1,.1,.69958043,1
743,3.8166666,4,2.4000001,HighSub,3.9375,2.4000001,3.3,0,0,FIN,0,.72492909,.97610092,-.44175136,-1.6565509,-1.5009336,-.33912086,0,0,-.72298509,-.027700441,-.32178488,-.32611889,.0099867657,.0067722653,.19595307,-.40910774,1,.1,-.0065773353,0
840,3.3,4,3.7,HighSub,3.25,2.4000001,3.8,0,1,CLEF,0,-.65922976,-.25451341,-.44175136,.20336446,-.51440454,-.33912086,.25,.125,-.24554211,-.048328023,-.56140721,-.50583565,-.013822472,-.017036973,-.49295273,-.63455778,1,.1,-.46375525,0
1014,3.4000001,4,2.7,HighSub,3.0625,3,2.7,0,2,CLEF,0,-.39132765,-.59013551,.43548551,-1.2273397,-2.6847682,-.33912086,.5,.25,.23190089,-.055436328,-.64398152,-.56776637,-.018155398,-.021369899,-.61832333,-.71224833,1,.1,-.5652858,0
868,4.3333335,4,4.0999999,NoSub,3.5,2,4.5999999,0,0,BIEM,0,2.1090887,.1929827,-1.0265762,.77564591,1.0640419,-.33912086,0,0,-.72298509,.024486601,.28445098,.12855801,-.0068975235,-.010112024,-.29258355,.16127272,1,.1,.034344584,1
892,3.75,4,4.1999998,HighSub,3.875,2.2,3.4000001,0,1,BIEM,0,.54632813,.86422688,-.73416376,.91871619,-1.3036275,-.33912086,.25,.125,-.24554211,.00034070257,.0039577982,-.081811868,.018982302,.015767803,.4562335,-.10263088,1,.1,.27680132,1
998,3.75,4,4.0999999,MidSub,3,2.5,4.3000002,0,1,MM,4,.54632813,-.70200956,-.29554534,.77564591,.47212499,.064938039,.25,.125,-.24554211,-.016573146,-.19252357,-.12815817,-.02064259,-.023857089,-.69028866,-.16077112,1,.1,-.32552987,0
928,3.6500001,4,3.9000001,NoSub,4.1875,1.6,3.2,0,1,BIEM,0,.27842668,1.4235971,-1.6114008,.48950535,-1.6982392,-.33912086,.25,.125,-.24554211,.0039737667,.04616164,-.050158985,.017373381,.01415888,.40968028,-.062923156,1,.1,.27337855,1
843,3.75,4,2.8,MidSub,3.875,2,4.1999998,0,1,BIEM,0,.54632813,.86422688,-1.0265762,-1.0842694,.27481842,-.33912086,.25,.125,-.24554211,.026443463,.30718306,.14560708,.00038333281,-.0028311673,-.081916399,.18266034,1,.1,.15037197,1
899,3.1666667,4,3.7,HighSub,3.375,2.5999999,3.8,0,0,BIEF,10,-1.0164317,-.030765358,-.1493393,.20336446,-.51440454,.67102641,0,0,-.72298509,-.082539894,-.95883268,-.55136788,-.0021309867,-.0053454866,-.15466671,-.6916768,1,.1,-.32317173,0
966,3.75,4,3.9000001,NoSub,3.4375,1.9,4.1999998,0,1,DES-ESS,70,.54632813,.081108674,-1.1727824,.48950535,.27481842,6.7319102,.25,.125,-.24554211,.0033037292,.038378086,1.7117611,-.01467453,-.01788903,-.5176065,2.1473603,1,.1,.91487694,1
832,3.9166667,4,3.0999999,MidSub,3.1875,3.5999999,4,0,0,CLEACC,0,.99283123,-.36638746,1.3127224,-.65505826,-.11979283,-.33912086,0,0,-.72298509,-.03815899,-.44327763,-.41723844,.0075588888,.0043443888,.12570395,-.52341491,1,.1,-.098855481,0
787,3.8333333,4,3.5,MidSub,3.3125,2.9000001,3.9000001,0,0,FIN,0,.76957935,-.14263938,.28927949,-.08277645,-.31709847,-.33912086,0,0,-.72298509,-.040118515,-.46604064,-.4343107,.00025228702,-.002962213,-.085708134,-.54483157,1,.1,-.21526985,0
844,3.6500001,4,3.5,NoSub,3.25,2.5999999,4.8000002,0,2,CLEAM,0,.27842668,-.25451341,-.1493393,-.08277645,1.458654,-.33912086,.5,.25,.23190089,.038924553,.45217085,.25434792,-.010673601,-.013888101,-.40184206,.31907293,1,.1,.058615439,1
1010,3.5666666,4,3.3,NoSub,3.625,3.2,4.0999999,0,1,BIG,4,.055174798,.41673076,.72789794,-.36891735,.077512793,.064938039,.25,.125,-.24554211,-.0017197469,-.019977612,.0012513003,.022469612,.019255111,.5571366,.0015697265,1,.1,.37935317,1
1036,4.3000002,4,3.5,MidSub,4.3125,2.5999999,4.5,0,0,DES-ESS,8,2.019788,1.6473451,-.1493393,-.08277645,.86673623,.46899694,0,0,-.72298509,.062074337,.72109258,.65806866,.045522895,.042308394,1.2241694,.82553023,1,.1,1.1248498,1
799,4.1666665,4,2.9000001,HighSub,4.0625,2.5,3.5,0,1,BIEM,5,1.6625849,1.199849,-.29554534,-.94119883,-1.1063219,.16595277,.25,.125,-.24554211,.040060695,.46536896,.39051491,.023966338,.02075184,.60044354,.4898909,1,.1,.64516723,1
979,3.05,4,3.9000001,HighSub,3.25,2.5,4.8000002,0,0,BIEF,11,-1.328984,-.25451341,-.29554534,.48950535,1.458654,.77204114,0,0,-.72298509,-.063954018,-.74292809,-.36418578,-.0093511436,-.012565644,-.36357754,-.45686167,1,.1,-.31021962,0
1025,3.8666666,4,3.5999999,HighSub,3.5625,3,4.3000002,0,0,BIG,4,.85887986,.30485675,.43548551,.060293835,.47212499,.064938039,0,0,-.72298509,-.011721214,-.13616063,-.085885957,.016980689,.013766188,.39831799,-.10774172,1,.1,.24528813,1
770,3.1833334,4,3.8,NoSub,3.5625,3.8,4.9000001,0,2,M,0,-.97178149,.30485675,1.6051348,.34643474,1.6559597,-.33912086,.5,.25,.23190089,.028990828,.33677477,.16780086,.039232504,.036018003,1.0421607,.21050186,1,.1,.72633129,1
766,3.4333334,4,4.3000002,HighSub,3,1.5,4.5,0,0,MM,0,-.30202717,-.70200956,-1.7576071,1.0617871,.86673623,-.33912086,0,0,-.72298509,-.062548339,-.72659886,-.62972939,-.044112016,-.047326516,-1.3693622,-.78997934,1,.1,-.97967076,0
767,3.1500001,4,4,NoSub,2.75,3.7,4.0999999,0,2,DSBA,4,-1.061082,-1.1495057,1.4589288,.63257563,.077512793,.064938039,.5,.25,.23190089,-.042208951,-.49032438,-.35150877,-.0043500951,-.007564595,-.21887526,-.44095871,1,.1,-.22991699,0
991,3.4333334,4,4.0999999,MidSub,3.3125,2.5,4.3000002,0,0,BEMACS,0,-.30202717,-.14263938,-.29554534,.77564591,.47212499,-.33912086,0,0,-.72298509,-.052545644,-.61040157,-.54258138,-.0041142073,-.0073287073,-.21204999,-.68065441,1,.1,-.34635219,0
950,3.6333334,4,4.1999998,NoSub,3.6875,2.2,3.5,0,2,BESS-CLES,0,.23377642,.52860481,-.73416376,.91871619,-1.1063219,-.33912086,.5,.25,.23190089,.018585674,.21590228,.0771465,.0090652741,.0058507747,.1692903,.096778303,1,.1,.23303431,1
910,3.5,4,4.8000002,MidSub,2.8125,3.0999999,4,0,0,CLEACC,4,-.12342618,-1.0376316,.58169156,1.7771393,-.11979283,.064938039,0,0,-.72298509,-.084533185,-.98198795,-.72025645,-.0085597858,-.011774286,-.34068009,-.90354317,1,.1,-.52211165,0
1030,3.25,4,3.9000001,HighSub,3.375,2.8,4.5,0,1,CLEACC,0,-.79318047,-.030765358,.14307311,.48950535,.86673623,-.33912086,.25,.125,-.24554211,-.022061558,-.25628024,-.27699041,.0048804148,.0016659149,.048203934,-.34747735,1,.1,-.049636707,0
789,3.4833333,4,4.1999998,MidSub,2.9375,2.5999999,4.3000002,0,0,CLMG,1,-.16807643,-.8138836,-.1493393,.91871619,.47212499,-.23810615,0,0,-.72298509,-.069194891,-.80380917,-.66238344,-.02044257,-.023657069,-.68450117,-.83094299,1,.1,-.65772206,0
797,3.7833333,4,3,NoSub,3.375,3.3,4.9000001,0,0,MM,9,.63562864,-.030765358,.87410396,-.79812855,1.6559597,.57001168,0,0,-.72298509,-.00736919,-.085604921,.078299224,.0088900812,.0056755813,.1642212,.098224364,1,.1,.23122278,1
1043,3.3333333,4,4.8000002,NoSub,3,2,4.6999998,0,1,BESS-CLES,0,-.56992924,-.70200956,-1.0265762,1.7771393,1.2613475,-.33912086,.25,.125,-.24554211,-.030061908,-.34921709,-.34669304,-.026583515,-.029798014,-.86218572,-.43491751,1,.1,-.54855162,0
838,3.5166667,4,1.4,NoSub,4.4375,4.3000002,4.3000002,0,0,BIEM,2,-.078775935,1.8710932,2.3361661,-3.0872552,.47212499,-.13709141,0,0,-.72298509,.012264548,.14247231,.072581381,.075037181,.071822681,2.0781472,.091051474,1,.1,1.1845993,1
1008,3.4666667,4,3,HighSub,3.1875,3.5,4.1999998,1,4,PPA,5,-.21272667,-.36638746,1.1665164,-.79812855,.27481842,.16595277,1,1,3.0965588,.19834644,2.3041105,1.7695711,.0040531922,.00083869236,.024268754,2.2198813,1,.1,1.222075,1
847,3.6500001,4,4,MidSub,3.1875,2.5,4.6999998,0,0,BEMACS,32,.27842668,-.36638746,-.29554534,.63257563,1.2613475,2.8933504,0,0,-.72298509,-.032304753,-.37527129,.44188413,-.01169119,-.01490569,-.43128538,.55433226,1,.1,.16152343,1
801,4.0666666,5,2.5999999,NoSub,3.5,3.5,4.4000001,0,1,CLMG,0,1.3946835,.1929827,1.1665164,-1.3704103,.66943061,-.33912086,.25,.125,-.24554211,.033305604,.38689777,.20539311,.016719049,.0021611494,.062533244,.25766036,1,.1,.26009679,1
1018,3.4166667,5,3.8,HighSub,3.3125,1.8,4.3000002,0,2,BIEM,4,-.34667739,-.14263938,-1.3189886,.34643474,.47212499,.064938039,.5,.25,.23190089,.011053523,.12840432,.11253775,-.024791583,-.039349481,-1.1385516,.14117572,1,.1,-.39868793,0
922,3.95,5,4.5,NoSub,3.3125,2.0999999,4.4000001,0,0,BIEM,0,1.0821317,-.14263938,-.88037014,1.3479277,.66943061,-.33912086,0,0,-.72298509,-.01637304,-.19019902,-.22742948,-.010411961,-.024969861,-.72248602,-.28530443,1,.1,-.40389523,0
744,3.5333333,5,3.5,NoSub,3.25,1.2,3.7,0,0,GIO,25,-.034125689,-.25451341,-2.1962254,-.08277645,-.71171016,2.1862473,0,0,-.72298509,-.069058776,-.80222797,-.055109143,-.046234563,-.060792461,-1.7589911,-.069132999,1,.1,-.81406206,0
1034,2.8166666,5,4.9000001,MidSub,2.8125,2.8,5,0,2,BIEF,1,-1.9540881,-1.0376316,.14307311,1.9202095,1.8532653,-.23810615,.5,.25,.23190089,-.030769767,-.35743999,-.32760653,-.015214362,-.029772263,-.8614406,-.41097397,1,.1,-.53620726,0
755,3.1833334,5,3.0999999,NoSub,3,2.3,4.4000001,0,1,IM,4,-.97178149,-.70200956,-.58795774,-.65505826,.66943061,.064938039,.25,.125,-.24554211,-.049404878,-.57391655,-.4142029,-.035379037,-.049936939,-1.4448932,-.51960689,1,.1,-.88225007,0
1063,3.6500001,5,3.9000001,NoSub,3.125,2,4.0999999,1,4,ACME,0,.27842668,-.47826147,-1.0265762,.48950535,.077512793,-.33912086,1,1,3.0965588,.20345558,2.3634615,1.6878159,-.02866284,-.04322074,-1.2505641,2.1173217,1,.1,.53337884,1
906,3.5666666,5,4,NoSub,3.25,2.5,3.8,0,3,BIEM,0,.055174798,-.25451341,-.29554534,.63257563,-.51440454,-.33912086,.75,.375,.70934391,.033318434,.38704681,.20550489,-.0083855139,-.022943413,-.66385198,.25780061,1,.1,-.10302568,0
810,3.0166667,5,1.8,HighSub,3,2,3.4000001,0,0,EMIT,0,-1.4182845,-.70200956,-1.0265762,-2.5149736,-1.3036275,-.33912086,0,0,-.72298509,-.12497978,-1.4518398,-1.17366,-.055552445,-.070110343,-2.0285985,-1.4723263,1,.1,-1.6504624,0
1016,4.0500002,5,2.3,MidSub,3.875,3.8,3.9000001,0,1,CLEACC,16,1.3500338,.86422688,1.6051348,-1.7996216,-.31709847,1.2771147,.25,.125,-.24554211,.035763837,.41545409,.63086927,.041276418,.02671852,.77308583,.79140925,1,.1,.88224757,1
824,3.9000001,5,3.9000001,MidSub,3.8125,1.3,4.3000002,0,0,CLEACC,0,.94818097,.75235283,-2.0500195,.48950535,.47212499,-.33912086,0,0,-.72298509,.0036247126,.042106818,-.053200103,-.010080889,-.024638789,-.71290666,-.066738158,1,.1,-.2898224,0
878,2.95,5,3.9000001,HighSub,2.875,2.4000001,4,0,2,CLEAM,5,-1.5968856,-.92575759,-.44175136,.48950535,-.11979283,.16595277,.5,.25,.23190089,-.051599704,-.59941298,-.40807155,-.031725269,-.046283167,-1.3391736,-.51191527,1,.1,-.82554442,0
989,3.1333334,5,3.5999999,NoSub,2.375,3.0999999,2.8,1,1,CLEAM,5,-1.1057322,-1.8207499,.58169156,.060293835,-2.4874628,.16595277,.25,.625,1.6642299,-.0085304519,-.09909483,-.032832928,-.043287095,-.057844993,-1.673708,-.041188061,1,.1,-.75744802,0
973,4.2333331,5,3.0999999,MidSub,4.25,1.8,3.9000001,0,0,CLEAM,36,1.8411859,1.5354711,-1.3189886,-.65505826,-.31709847,3.2974093,0,0,-.72298509,.034945145,.40594366,1.12881,.018034143,.0034762437,.1005847,1.4160632,1,.1,.85832393,1
1021,3.4000001,5,4.5999999,NoSub,2.5,4.5999999,4.6999998,1,2,BIG,6,-.39132765,-1.5970018,2.7747841,1.490998,1.2613475,.26696751,.5,.75,2.1416728,.10939105,1.2707517,1.0198057,.011081603,-.0034762968,-.10058283,1.27932,1,.1,.68936861,1
1059,3.45,5,2.5,HighSub,3.875,3.2,3.0999999,0,0,ACME,4,-.25737691,.86422688,.72789794,-1.5134807,-1.8955454,.064938039,0,0,-.72298509,-.060887121,-.70730114,-.51424134,.02796727,.01340937,.38799366,-.6451025,1,.1,-.028554417,0
1003,2.9833333,5,3.9000001,NoSub,2.5,3.0999999,3.9000001,1,3,BIEF,0,-1.507585,-1.5970018,.58169156,.48950535,-.31709847,-.33912086,.75,.875,2.6191158,.089078531,1.0347894,.69131184,-.033778846,-.048336748,-1.3985927,.86723292,1,.1,-.1656799,0
895,2.9333334,5,3.7,MidSub,2.75,3.3,2.5999999,0,0,BIEM,0,-1.6415358,-1.1495057,.87410396,.20336446,-2.8820744,-.33912086,0,0,-.72298509,-.16961329,-1.9703293,-1.5625272,-.017407266,-.031965166,-.92489094,-1.9601501,1,.1,-1.3425205,0
763,3.3166666,5,3.7,NoSub,3.3125,2.3,3.7,0,2,IM,2,-.6145795,-.14263938,-.58795774,.20336446,-.71171016,-.13709141,.5,.25,.23190089,-.014893199,-.17300831,-.16402909,-.013056869,-.027614769,-.79901481,-.20577027,1,.1,-.40239254,0
784,3.6666667,5,4,MidSub,3.0625,2.7,4.3000002,0,0,DES-ESS,112,.3230769,-.59013551,-.0031329209,.63257563,.47212499,10.974528,0,0,-.72298509,-.050905876,-.59135306,2.3001173,-.013222403,-.027780304,-.80380452,2.885438,1,.1,1.1408167,1
802,3.6500001,5,3.2,NoSub,3.4375,2.8,4.1999998,0,0,FIN,0,.27842668,.081108674,.14307311,-.51198763,.27481842,-.33912086,0,0,-.72298509,-.035396282,-.41118434,-.39316848,.0014266745,-.013131225,-.37994233,-.49321973,1,.1,-.33658102,0
971,3.4000001,5,4.0999999,HighSub,2.8125,2.2,4.6999998,0,1,CLEACC,0,-.39132765,-1.0376316,-.73416376,.77564591,1.2613475,-.33912086,.25,.125,-.24554211,-.035732504,-.41509011,-.39609781,-.038179822,-.052737724,-1.5259323,-.49689451,1,.1,-.91141343,0
985,3.2833333,5,3.0999999,NoSub,3.3125,2.5,4.1999998,0,4,BIG,1,-.70388001,-.14263938,-.29554534,-.65505826,.27481842,-.23810615,1,.5,1.1867869,.063958593,.7429812,.49770936,-.013770516,-.028328417,-.81966382,.6243636,1,.1,.0023498908,1
862,3.3666666,5,3.9000001,MidSub,3.25,2.5999999,4.3000002,0,3,CLEAM,0,-.48062879,-.25451341,-.1493393,.48950535,.47212499,-.33912086,.75,.375,.70934391,.036893409,.42857587,.23665169,-.0068110768,-.021368977,-.61829662,.29687345,1,.1,-.060711585,0
1009,3.3166666,5,4.4000001,MidSub,2.3125,2.7,4.0999999,0,2,BEMACS,10,-.6145795,-1.9326239,-.0031329209,1.2048575,.077512793,.67102641,.5,.25,.23190089,-.054732639,-.63580704,-.30909866,-.049027994,-.063585892,-1.8398174,-.38775632,1,.1,-1.0137869,0
1067,4,5,3.3,NoSub,4.125,2.2,3.5999999,0,0,RI,0,1.2160825,1.311723,-.73416376,-.36891735,-.90901625,-.33912086,0,0,-.72298509,.0036827866,.042781442,-.052694134,.02351433,.0089564305,.25915056,-.066103436,1,.1,.19652356,1
841,3.5333333,5,2,HighSub,3.4375,3.8,4,1,0,CLEAM,0,-.034125689,.081108674,1.6051348,-2.2288327,-.11979283,-.33912086,0,.5,1.1867869,.079968333,.92895991,.61193973,.015239794,.00068189419,.019731894,.76766264,1,.1,.49369729,1
751,3.6166666,5,3.5999999,HighSub,2.5625,3.3,3.7,1,1,MM,0,.18912554,-1.4851278,.87410396,.060293835,-.71171016,-.33912086,.25,.625,1.6642299,.061538734,.71487069,.4513728,-.028289927,-.042847827,-1.2397741,.56623554,1,.1,-.23676929,0
771,4.1166668,5,4.1999998,NoSub,4.25,2.4000001,3.5999999,0,1,FIN,0,1.5286348,1.5354711,-.44175136,.91871619,-.90901625,-.33912086,.25,.125,-.24554211,.050055768,.5814777,.35132807,.0438965,.0293386,.84889627,.44073203,1,.1,.74481416,1
932,4.0500002,5,3.5999999,MidSub,4.25,2.5,3.5,0,0,CLEAM,0,1.3500338,1.5354711,-.29554534,.060293835,-1.1063219,-.33912086,0,0,-.72298509,.010216122,.11867657,.0042272136,.040642783,.026084881,.75475186,.005302933,1,.1,.48002741,1
1053,3.8499999,5,3.0999999,NoSub,4,2.2,3.5999999,0,1,PPA,39,.81422961,1.0879749,-.73416376,-.65505826,-.90901625,3.6004534,.25,.125,-.24554211,.019847365,.23055884,1.0730325,.014971715,.00041381532,.011975195,1.3460916,1,.1,.77903342,1
759,4.2333331,5,4.4000001,NoSub,4.625,1,4.5999999,1,2,MM,2,1.8411859,2.2067153,-2.4886379,1.2048575,1.0640419,-.13709141,.5,.75,2.1416728,.27160144,3.1550844,2.3320403,.030100854,.015542955,.44972765,2.9254847,1,.1,1.7876061,1
863,3.3333333,5,3.2,NoSub,2.75,3.2,4.1999998,0,0,CLEAM,0,-.56992924,-1.1495057,.72789794,-.51198763,.27481842,-.33912086,0,0,-.72298509,-.091929235,-1.0679049,-.88570893,-.024775488,-.039333388,-1.138086,-1.111099,1,.1,-1.0245925,0
1001,3.6833334,5,4.8000002,HighSub,3.5625,1.8,4.6999998,0,1,BESS-CLES,0,.36772716,.30485675,-1.3189886,1.7771393,1.2613475,-.33912086,.25,.125,-.24554211,.021982897,.25536644,.10674462,-.0019125665,-.016470466,-.47656122,.13390838,1,.1,-.07132642,0
725,3.45,5,3.5999999,MidSub,3.8125,2.5999999,4.4000001,0,1,AFC,0,-.25737691,.75235283,-.1493393,.060293835,.66943061,-.33912086,.25,.125,-.24554211,.010554597,.12260849,.0071761515,.020043114,.0054852138,.15871303,.0090023,1,.1,.18385766,1
944,2.8666666,5,3.7,NoSub,3.5,2.2,3.9000001,0,3,BIEF,0,-1.8201374,.1929827,-.73416376,.20336446,-.31709847,-.33912086,.75,.375,.70934391,.0052165673,.060598753,-.039331153,-.0056799063,-.020237807,-.58556694,-.049339917,1,.1,-.21745342,0
914,3.8,5,3.2,NoSub,3.4375,3,2.9000001,1,1,BIEM,4,.68027884,.081108674,.43548551,-.51198763,-2.2901566,.064938039,.25,.625,1.6642299,.093393095,1.0849099,.82991695,.0065068137,-.0080510862,-.23295158,1.0411094,1,.1,.50407892,1
800,3.8666666,5,2.4000001,MidSub,3.5625,3.2,4.1999998,0,1,AFC,12,.85887986,.30485675,.72789794,-1.6565509,.27481842,.87305588,.25,.125,-.24554211,.017346311,.20150511,.36939281,.01047326,-.0040846406,-.11818489,.46339378,1,.1,.27260444,1
1012,3.3166666,5,3.5999999,HighSub,3.75,2.9000001,4,0,1,BIG,4,-.6145795,.64047885,.28927949,.060293835,-.11979283,.064938039,.25,.125,-.24554211,-.014295314,-.16606292,-.10831268,.02435765,.0097997515,.28355154,-.13587546,1,.1,.17383805,1
1022,3.1166666,5,2.7,MidSub,3,1.3,4.0999999,0,0,BESS-CLES,0,-1.1503831,-.70200956,-2.0500195,-1.2273397,.077512793,-.33912086,0,0,-.72298509,-.09577024,-1.1125243,-.91917342,-.064642251,-.079200149,-2.2916064,-1.1530794,1,.1,-1.6223429,0
1011,3.3,5,4.1999998,HighSub,2.875,2.8,4.6999998,0,2,CLMG,0,-.65922976,-.92575759,.14307311,.91871619,1.2613475,-.33912086,.5,.25,.23190089,-.0064660818,-.075113878,-.14111562,-.018668104,-.033226006,-.96137255,-.17702591,1,.1,-.46919924,0
994,3.8833334,5,3.5,HighSub,4.1875,2.4000001,3.5999999,1,1,CLEF,0,.90353072,1.4235971,-.44175136,-.08277645,-.90901625,-.33912086,.25,.625,1.6642299,.16120917,1.8727019,1.3197463,.03383141,.01927351,.55766898,1.6555877,1,.1,1.2066283,1
850,4.1333332,5,2.5,MidSub,3.5,2.5999999,4.5,0,2,BIG,0,1.5732844,.1929827,-.1493393,-1.5134807,.86673623,-.33912086,.5,.25,.23190089,.073145248,.8496989,.55249393,-.0071072057,-.021665106,-.62686497,.69308943,1,.1,.13311222,1
1068,3.6500001,5,2.7,MidSub,2.5,2.5999999,3.8,0,4,MM,0,.27842668,-1.5970018,-.1493393,-1.2273397,-.51440454,-.33912086,1,.5,1.1867869,.031288743,.36346871,.18782131,-.058066763,-.072624661,-2.1013486,.23561701,1,.1,-.83286583,0
803,3.6500001,5,4.0999999,HighSub,3.75,2,4.0999999,0,0,FIN,0,.27842668,.64047885,-1.0265762,.77564591,.077512793,-.33912086,0,0,-.72298509,-.022130743,-.25708392,-.27759317,.006325182,-.0082327174,-.23820697,-.34823349,1,.1,-.19322023,0
778,3.5166667,5,3.0999999,HighSub,2.875,2.3,4.4000001,0,2,CLEAM,4,-.078775935,-.92575759,-.58795774,-.65505826,.66943061,.064938039,.5,.25,.23190089,-.0024537421,-.028504139,-.0051435945,-.041990388,-.05654829,-1.6361886,-.0064525045,1,.1,-.72132057,0
813,3.25,5,3.7,HighSub,3.5,3,4.0999999,0,0,CLEAM,0,-.79318047,.1929827,.43548551,.20336446,.077512793,-.33912086,0,0,-.72298509,-.060831979,-.70666063,-.61477566,.014640644,.000082744315,.0023958574,-.77122027,1,.1,-.28441221,0
805,3.0666666,5,2.8,HighSub,3.3125,2.9000001,3.3,0,2,DES-ESS,0,-1.2843338,-.14263938,.28927949,-1.0842694,-1.5009336,-.33912086,.5,.25,.23190089,-.043868668,-.50960463,-.46698368,-.0065071294,-.02106503,-.60950214,-.58581901,1,.1,-.49766058,0
969,3.6333334,5,4.9000001,MidSub,3.375,2.3,3.5999999,0,0,BIEF,0,.23377642,-.030765358,-.58795774,1.9202095,-.90901625,-.33912086,0,0,-.72298509,-.059340637,-.6893363,-.60178244,.0018363786,-.012721522,-.3680878,-.7549206,1,.1,-.46150419,0
1041,3.6166666,5,4.0999999,NoSub,4.1875,2,4,0,2,IM,14,.18912554,1.4235971,-1.0265762,.77564591,-.11979283,1.0750853,.5,.25,.23190089,.060283698,.70029145,.7939899,.029464917,.014907016,.43132716,.99603993,1,.1,.81368357,1
879,4.1833334,5,2.8,HighSub,3.75,2.4000001,3.7,0,0,DSBA,0,1.7072358,.64047885,-.44175136,-1.0842694,-.71171016,-.33912086,0,0,-.72298509,-.0012107564,-.014064875,-.095328875,.0039322595,-.010625641,-.30744475,-.11958762,1,.1,-.11351618,0
977,3.8666666,5,3.2,HighSub,4.125,2.9000001,4.5,0,3,CLEACC,0,.85887986,1.311723,.28927949,-.51198763,.86673623,-.33912086,.75,.375,.70934391,.12154672,1.4119592,.97418916,.040329184,.025771284,.74567813,1.2220953,1,.1,1.0838867,1
780,3.7666667,5,4,NoSub,3.75,2.5999999,4.5999999,0,0,PPA,2,.59097838,.64047885,-.1493393,.63257563,1.0640419,-.13709141,0,0,-.72298509,.0016147179,.01875752,-.020204714,.020599963,.0060420637,.17482513,-.02534629,1,.1,.17473942,1
871,3.2833333,5,3.7,HighSub,3,3,4.4000001,0,2,BIEF,2,-.70388001,-.70200956,.43548551,.20336446,.66943061,-.13709141,.5,.25,.23190089,-.010704865,-.12435411,-.12753844,-.011804766,-.026362667,-.76278603,-.15999369,1,.1,-.36138988,0
