participant_id,agreeable,allowance_level,extraversion,group_experiment,honesty_humility,neuroticism,openness,religious_affiliation,religious_service,study_program,twt_sospeso,z_agreeable,z_openness,z_hh,z_extraversion,z_neuroticism,rs_01,religious_composite,z_religious,weighted_prosocial,z_weighted_prosocial,z_obs_pb,anchored_pb,income_high,level_intercept,direct_effect,z_direct_effect,z_anchored_pb,prosocial_effect,di_i,disclose
831,2.8499999,1,2.5,NoSub,1.875,2.4000001,3.9000001,0,0,BIEM,0,-1.8647877,-.31709847,-2.7157421,-1.5134807,-.44175136,0,0,-.72298509,-.17878379,-2.0768592,-.33912086,-1.6424246,0,.0089093996,-.089225523,-2.5816846,-2.0603793,0,-.54084229,N
924,3.2333333,1,3.7,NoSub,2.8125,2.4000001,4.0999999,0,2,BESS-CLES,2,-.83783072,.077512793,-1.0376316,.20336446,-.44175136,.5,.25,.23190089,-.033595249,-.39026248,-.13709141,-.32696971,0,.0089093996,-.028052807,-.8116892,-.41017509,0,.3441554,Y
900,3.1833334,1,3.9000001,NoSub,3.375,2.7,4.5,0,0,CLEAM,0,-.97178149,.86673623,-.030765358,.48950535,-.0031329209,0,0,-.72298509,-.05863836,-.68117821,-.33912086,-.59566391,0,.0089093996,.011249748,.32550633,-.74724501,0,.91275316,Y
1007,3.6500001,1,3.5,NoSub,3.6875,3,3.5999999,0,0,IM,1,.27842668,-.90901625,.52860481,-.08277645,.43548551,0,0,-.72298509,-.041750651,-.48500049,-.23810615,-.4232769,0,.0089093996,.031535812,.91247123,-.53099,0,1.2062356,Y
919,3.2333333,1,4.3000002,MidSub,3.375,3.5,4,0,0,MM,5,-.83783072,-.11979283,-.030765358,1.0617871,1.1665164,0,0,-.72298509,-.071767777,-.83369738,.16595277,-.58378482,0,.0089093996,.035432823,1.0252289,-.73234302,0,1.2626145,Y
898,3.8666666,1,4.1999998,HighSub,2.75,2.2,4.5999999,0,0,BESS-CLES,0,.85887986,1.0640419,-1.1495057,.91871619,-.73416376,0,0,-.72298509,-.044906478,-.52166045,-.33912086,-.47602555,0,.0089093996,-.03161047,-.91462803,-.59716183,0,.29268599,Y
947,3.3499999,1,3.4000001,NoSub,3.3125,2.4000001,4.1999998,0,2,BIEF,0,-.52527905,.27481842,-.14263938,-.22584672,-.44175136,.5,.25,.23190089,.0035442314,.041171901,-.33912086,-.053901292,0,.0089093996,-.0045042885,-.13032715,-.067617781,0,.68483645,Y
934,3.2166667,1,2.8,NoSub,3.4375,2.9000001,4.1999998,0,1,CLEACC,2,-.88248098,.27481842,.081108674,-1.0842694,.28927949,.25,.125,-.24554211,-.030667637,-.35625359,-.13709141,-.30146304,0,.0089093996,.009013623,.2608054,-.37817761,0,.88040268,Y
719,4.0999999,1,3.9000001,MidSub,3.625,2.5999999,4.6999998,0,0,PPA,0,1.4839839,1.2613475,.41673076,.48950535,-.1493393,0,0,-.72298509,.019498307,.22650397,-.33912086,.08509776,0,.0089093996,.02193238,.63460177,.10675295,0,1.0673009,Y
786,2.8333333,1,3.8,NoSub,2.6875,1.8,3.5,0,0,M,0,-1.9094379,-1.1063219,-1.2613797,.34643474,-1.3189886,0,0,-.72298509,-.14992298,-1.7415949,-.33912086,-1.3909764,0,.0089093996,-.048938949,-1.4160171,-1.7449441,0,.041991472,Y
1050,3.8333333,1,3.8,NoSub,3.25,3.2,4.5999999,0,0,PPA,0,.76957935,1.0640419,-.25451341,.34643474,.72789794,0,0,-.72298509,-.020584276,-.23911925,-.33912086,-.26411965,0,.0089093996,.016373109,.47374764,-.33133131,0,.98687381,Y
720,3.95,1,2.5,NoSub,3.9375,2.7,4.3000002,0,0,DES-ESS,0,1.0821317,.47212499,.97610092,-1.5134807,-.0031329209,0,0,-.72298509,.013420879,.15590493,-.33912086,.032148484,0,.0089093996,.027482001,.79517668,.040329449,0,1.1475884,Y
1027,3.9666667,1,3.5999999,MidSub,3.1875,2.5999999,4.4000001,0,0,BIEM,0,1.1267819,.66943061,-.36638746,.060293835,-.1493393,0,0,-.72298509,-.02192279,-.25466821,-.33912086,-.27578136,0,.0089093996,-.0041042482,-.11875223,-.34596062,0,.69062388,Y
723,3.7833333,1,3.7,MidSub,4.125,2.0999999,3.7,0,4,DES-ESS,10,.63562864,-.71171016,1.311723,.20336446,-.88037014,1,.5,1.1867869,.12246631,1.4226418,.67102641,1.2347379,0,.0089093996,.033746183,.97642696,1.5489469,0,1.2382135,Y
1047,3.8,1,4.9000001,MidSub,3.5625,2,4.5,0,0,BIEF,0,.68027884,.86673623,.30485675,1.9202095,-1.0265762,0,0,-.72298509,-.0094419466,-.1096833,-.33912086,-.16704269,0,.0089093996,.013042602,.37738144,-.20955075,0,.93869072,Y
808,3.3166666,1,4.0999999,HighSub,3.5625,2.3,3.5,0,2,DES-ESS,5,-.6145795,-1.1063219,.30485675,.77564591,-.58795774,.5,.25,.23190089,-.0081961891,-.095211834,.16595277,-.029920682,0,.0089093996,.012937758,.37434787,-.037534725,0,.93717396,Y
964,3.4166667,1,3.9000001,MidSub,3.5625,3,4.3000002,0,0,CLEACC,0,-.34667739,.47212499,.30485675,.48950535,.43548551,0,0,-.72298509,-.040384542,-.46913096,-.33912086,-.43662843,0,.0089093996,.028786983,.83293557,-.54773915,0,1.1664678,Y
729,3.3333333,1,3.8,NoSub,3.5625,2.5,3.5999999,0,2,AFC,2,-.56992924,-.90901625,.30485675,.34643474,-.29554534,.5,.25,.23190089,-.0038717405,-.044976458,-.13709141,-.068005197,0,.0089093996,.015121005,.43751881,-.085310765,0,.96875942,Y
904,3.0666666,1,4.1999998,HighSub,3.3125,1.7,4.1999998,0,0,CLEF,0,-1.2843338,.27481842,-.14263938,.91871619,-1.4651946,0,0,-.72298509,-.079163827,-.91961432,-.33912086,-.77449095,0,.0089093996,-.014559728,-.42127517,-.97157896,0,.53936243,Y
915,3.8,1,4.4000001,HighSub,3.8125,2.2,4.9000001,0,0,BESS-CLES,35,.68027884,1.6559597,.75235283,1.2048575,-.73416376,0,0,-.72298509,.016832147,.19553226,3.1963947,.94574785,0,.0089093996,.026517291,.76726335,1.1864164,0,1.1336317,Y
913,3.75,1,4,HighSub,2.875,2.9000001,4.3000002,1,3,BESS-CLES,1,.54632813,.47212499,-.92575759,.63257563,.28927949,.75,.875,2.6191158,.17079782,1.9840895,-.23810615,1.4285406,0,.0089093996,-.0091498923,-.26474488,1.7920674,0,.61762756,Y
818,3.3666666,1,4,MidSub,4.125,2.3,4.9000001,0,0,AFC,0,-.48062879,1.6559597,1.311723,.63257563,-.58795774,0,0,-.72298509,.005758788,.066897511,-.33912086,-.034607083,0,.0089093996,.041723214,1.2072375,-.043413691,0,1.3536187,Y
734,4.3000002,1,3.9000001,HighSub,4.8125,2,4.8000002,0,0,DES-ESS,0,2.019788,1.458654,2.5423374,.48950535,-1.0265762,0,0,-.72298509,.098308295,1.1420078,-.33912086,.77172565,0,.0089093996,.06949982,2.0109367,.96810997,0,1.7554684,Y
738,3.8833334,1,3.4000001,MidSub,3.8125,3.5999999,4.1999998,0,0,PPA,6,.90353072,.27481842,.75235283,-.22584672,1.3127224,0,0,-.72298509,-.00069975085,-.0081287296,.26696751,.060645331,0,.0089093996,.052421946,1.5167989,.076078013,0,1.5083995,Y
938,3.4333334,1,3.9000001,HighSub,3.0625,2,4.8000002,0,2,CLEAM,15,-.30202717,1.458654,-.59013551,.48950535,-1.0265762,.5,.25,.23190089,.015206653,.17664956,1.1761,.42651218,0,.0089093996,-.023059117,-.66719979,.53504854,0,.4164001,Y
853,3.55,1,2.9000001,NoSub,2.9375,2,4.0999999,0,1,BAI,0,.010524554,.077512793,-.8138836,-.94119883,-1.0265762,.25,.125,-.24554211,-.03914379,-.45471764,-.33912086,-.42581844,0,.0089093996,-.03932678,-1.1378947,-.53417826,0,.18105263,Y
1056,3.5333333,1,3.2,NoSub,3.25,2.5,3.9000001,0,1,IM,0,-.034125689,-.31709847,-.25451341,-.51198763,-.29554534,.25,.125,-.24554211,-.030202698,-.35085258,-.33912086,-.34791964,0,.0089093996,-.0072011603,-.20835949,-.43645623,0,.64582026,Y
834,2.7833333,1,2.7,HighSub,1.75,2.3,4.0999999,0,0,CLEAM,0,-2.0433886,.077512793,-2.9394901,-1.2273397,-.58795774,0,0,-.72298509,-.18311585,-2.1271832,-.33912086,-1.6801677,0,.0089093996,-.09644568,-2.7905953,-2.1077271,0,-.64529765,N
1005,3.7,1,4.4000001,MidSub,3.1875,3.4000001,4.6999998,0,0,FIN,0,.41237739,1.2613475,-.36638746,1.2048575,1.0203104,0,0,-.72298509,-.029119942,-.33827466,-.33912086,-.33848619,0,.0089093996,.023941359,.69273037,-.42462221,0,1.0963652,Y
961,3.5833333,1,4.1999998,MidSub,3.625,2.0999999,4.3000002,0,2,CLEF,0,.099825047,.47212499,.41673076,.91871619,-.88037014,.5,.25,.23190089,.038197946,.44373015,-.33912086,.2480174,0,.0089093996,.012128925,.35094476,.31113145,0,.92547238,Y
815,3.6666667,1,4.3000002,HighSub,4.5625,2.2,4.5,0,2,M,0,.3230769,.86673623,2.0948412,1.0617871,-.73416376,.5,.25,.23190089,.099616811,1.1572083,-.33912086,.783126,0,.0089093996,.065219775,1.8870962,.98241144,0,1.6935481,Y
817,4.0500002,1,3.4000001,NoSub,4.125,2.5999999,4.8000002,0,1,GIO,0,1.3500338,1.458654,1.311723,-.22584672,-.1493393,.25,.125,-.24554211,.078352161,.91018546,-.33912086,.59785891,0,.0089093996,.043549635,1.2600839,.74999863,0,1.380042,Y
1049,3.8833334,1,3.5999999,HighSub,3.5,2.4000001,4,0,1,CLEAM,0,.90353072,-.11979283,.1929827,.060293835,-.44175136,.25,.125,-.24554211,.0085765682,.099630535,-.33912086,-.010057315,0,.0089093996,.007344,.21249588,-.012616641,0,.85624796,Y
747,3.9000001,1,3.7,NoSub,3.75,3,4.4000001,0,0,CYBER,0,.94818097,.66943061,.64047885,.20336446,.43548551,0,0,-.72298509,.0035818806,.041609257,-.33912086,-.053573273,0,.0089093996,.03677275,1.0639988,-.067206293,0,1.2819993,Y
732,3.5,1,3.0999999,HighSub,3.375,2.8,2.9000001,0,0,FIN,0,-.12342618,-2.2901566,-.030765358,-.65505826,.14307311,0,0,-.72298509,-.090673402,-1.0533164,-.33912086,-.87476748,0,.0089093996,.0060647656,.175482,-1.0973732,0,.83774102,Y
1004,3.8166666,1,3.0999999,HighSub,3.875,3,4.4000001,0,0,FIN,12,.72492909,.66943061,.86422688,-.65505826,.43548551,0,0,-.72298509,.0048851953,.05674934,.87305588,.26082596,0,.0089093996,.037590314,1.0876546,.32719946,0,1.2938273,Y
765,3.95,1,4.5,HighSub,3.3125,2.2,4.5,0,3,CLEF,0,1.0821317,.86673623,-.14263938,1.3479277,-.73416376,.75,.375,.70934391,.083880961,.97441131,-.33912086,.64602828,0,.0089093996,.001037511,.030021451,.81042588,0,.76501071,Y
956,3.7,1,4.5,NoSub,3.75,3.2,4,0,2,CLEAM,0,.41237739,-.11979283,.64047885,1.3479277,.72789794,.5,.25,.23190089,.042452,.49314779,-.33912086,.28508061,0,.0089093996,.049577937,1.4345092,.35762629,0,1.4672546,Y
718,3.4333334,1,4.6999998,HighSub,4.125,1.8,4.9000001,0,0,PPA,0,-.30202717,1.6559597,1.311723,1.6340683,-1.3189886,0,0,-.72298509,.01000522,.1162266,-.33912086,.0023897327,0,.0089093996,.035782281,1.0353402,.0029978608,0,1.2676702,Y
1006,3.6666667,1,3,HighSub,3.5,4.4000001,4.0999999,0,2,BIG,0,.3230769,.077512793,.1929827,-.79812855,2.482372,.5,.25,.23190089,.030368928,.35278359,-.33912086,.17980748,0,.0089093996,.052351598,1.5147634,.22556387,0,1.5073817,Y
858,3.6166666,1,3.5,NoSub,2.9375,2.7,2.9000001,0,2,BIEM,0,.18912554,-2.2901566,-.8138836,-.08277645,-.0031329209,.5,.25,.23190089,-.041721135,-.48465762,-.33912086,-.44827342,0,.0089093996,-.015752511,-.45578763,-.56234747,0,.52210617,Y
958,4.0166669,1,3.3,NoSub,3.75,2.7,3.7,0,2,CLMG,0,1.2607334,-.71171016,.64047885,-.36891735,-.0031329209,.5,.25,.23190089,.052833974,.61375099,-.33912086,.37553304,0,.0089093996,.02529002,.73175305,.47109655,0,1.1158766,Y
1040,3.8666666,1,3,MidSub,3.25,2.8,4.6999998,0,1,CLEAM,5,.85887986,1.2613475,-.25451341,-.79812855,.14307311,.25,.125,-.24554211,.017132163,.19901744,.16595277,.19075127,0,.0089093996,-.0015122168,-.043753371,.23929256,0,.72812331,Y
739,3.8499999,1,3.5,MidSub,3.875,3.8,3.7,0,0,MM,13,.81422961,-.71171016,.86422688,-.08277645,1.6051348,0,0,-.72298509,-.015831521,-.1839084,.97407055,.10558634,0,.0089093996,.06177339,1.7873771,.13245535,0,1.6436886,Y
1048,4.0333333,1,3.0999999,HighSub,3.9375,2.2,3.5999999,1,4,CLEAM,10,1.305383,-.90901625,.97610092,-.65505826,-.73416376,1,1,3.0965588,.25453207,2.9567964,.67102641,2.3853538,0,.0089093996,.02057544,.59533954,2.9923649,0,1.0476698,Y
856,3.6666667,1,4.1999998,MidSub,4.125,2,4.6999998,0,2,BEMACS,0,.3230769,1.2613475,1.311723,.91871619,-1.0265762,.5,.25,.23190089,.083002768,.96420974,-.33912086,.63837707,0,.0089093996,.036034267,1.0426313,.80082762,0,1.2713156,Y
957,3.7166667,1,4.1999998,MidSub,3.5,3.5,4.1999998,1,3,CLEAM,0,.45702764,.27481842,.1929827,.91871619,1.1665164,.75,.875,2.6191158,.19846852,2.3055289,-.33912086,1.6443665,0,.0089093996,.041078541,1.1885843,2.0628154,0,1.3442922,Y
930,3.4666667,1,3.8,NoSub,3.9375,3.4000001,4.5999999,0,2,CLEACC,0,-.21272667,1.0640419,.97610092,.34643474,1.0203104,.5,.25,.23190089,.057083625,.66311747,-.33912086,.4125579,0,.0089093996,.057815686,1.6728634,.51754326,0,1.5864317,Y
942,3.1333334,1,3.5,HighSub,3,1.9,4,0,0,CLEF,0,-1.1057322,-.11979283,-.70200956,-.08277645,-1.1727824,0,0,-.72298509,-.097971462,-1.138095,-.33912086,-.93835151,0,.0089093996,-.032767389,-.94810277,-1.1771379,0,.27594861,Y
754,4.4666667,1,1.6,HighSub,4.5625,4,4.9000001,0,0,ACME,6,2.4662905,1.6559597,2.0948412,-2.8011143,1.8975472,0,0,-.72298509,.098964475,1.1496304,.26696751,.92896467,0,.0089093996,.084868982,2.4556341,1.1653622,0,1.9778171,Y
1033,3.2833333,1,3.7,HighSub,2.9375,2.7,3.5,0,0,BIEM,3,-.70388001,-1.1063219,-.8138836,.20336446,-.0031329209,0,0,-.72298509,-.10803694,-1.2550216,-.036076687,-.95028538,0,.0089093996,-.013821249,-.39990774,-1.1921085,0,.55004615,Y
918,3.7166667,1,3.3,MidSub,4.3125,3.3,3.9000001,0,2,BEMACS,0,.45702764,-.31709847,1.6473451,-.36891735,.87410396,.5,.25,.23190089,.070001841,.81318319,-.33912086,.52510715,0,.0089093996,.070281513,2.0335546,.65873343,0,1.7667773,Y
848,3.1166666,1,4,NoSub,2.6875,2.8,3.5999999,0,0,AFC,0,-1.1503831,-.90901625,-1.2613797,.63257563,.14307311,0,0,-.72298509,-.12861285,-1.4940436,-.33912086,-1.205313,0,.0089093996,-.021606995,-.62518352,-1.5120341,0,.43740824,Y
882,3.8499999,1,1.6,NoSub,3.5,4.4000001,3.7,0,0,BIEF,0,.81422961,-.71171016,.1929827,-2.8011143,2.482372,0,0,-.72298509,-.035665579,-.41431266,-.33912086,-.39551473,0,.0089093996,.038832765,1.1236042,-.49616304,0,1.3118021,Y
872,2.9833333,1,4.0999999,HighSub,2.8125,1.9,4.3000002,0,1,BESS-CLES,0,-1.507585,.47212499,-1.0376316,.77564591,-1.1727824,.25,.125,-.24554211,-.075324014,-.8750087,-.33912086,-.74103677,0,.0089093996,-.036890633,-1.0674063,-.92961156,0,.21629685,Y
733,3.2333333,1,3.2,NoSub,3.125,4.4000001,4.0999999,0,0,MM,0,-.83783072,.077512793,-.47826147,-.51198763,2.482372,0,0,-.72298509,-.081727639,-.94939709,-.33912086,-.79682803,0,.0089093996,.034448802,.99675685,-.99960029,0,1.2483784,Y
736,3.5999999,1,2.4000001,HighSub,4.1875,2.0999999,3.5,0,0,PPA,0,.1444753,-1.1063219,1.4235971,-1.6565509,-.88037014,0,0,-.72298509,-.021752911,-.25269482,-.33912086,-.27430132,0,.0089093996,.02449866,.70885551,-.34410393,0,1.1044278,Y
925,3.6833334,2,3,HighSub,3.4375,2.3,3.9000001,0,1,BIEM,0,.36772716,-.31709847,.081108674,-.79812855,-.58795774,.25,.125,-.24554211,-.010731217,-.12466022,-.33912086,-.17827538,0,.0055403002,-.007664633,-.22176979,-.22364187,0,.6391151,Y
1073,3.5999999,2,3.0999999,NoSub,2.875,1.8,3.0999999,0,0,PPA,0,.1444753,-1.8955454,-.92575759,-.65505826,-1.3189886,0,0,-.72298509,-.1042235,-1.2107223,-.33912086,-.99282193,0,.0055403002,-.049150433,-1.4221362,-1.2454696,0,.038931906,Y
762,3.8166666,2,5,MidSub,3.1875,2.5999999,4,0,0,M,4,.72492909,-.11979283,-.36638746,2.0632799,-.1493393,0,0,-.72298509,-.04452863,-.51727116,.064938039,-.37171885,0,.0055403002,.0060454858,.17492415,-.46631172,0,.83746207,Y
1037,2.8666666,2,4.4000001,HighSub,2.5625,2.4000001,4,0,0,CLEF,0,-1.8201374,-.11979283,-1.4851278,1.2048575,-.44175136,0,0,-.72298509,-.1380969,-1.6042161,-.33912086,-1.2879423,0,.0055403002,-.037885197,-1.0961834,-1.6156905,0,.20190829,Y
953,3.6500001,2,2,HighSub,3.6875,3.5,3.7,0,2,CLEAM,4,.27842668,-.71171016,.52860481,-2.2288327,1.1665164,.5,.25,.23190089,.026172973,.30404088,.064938039,.24426517,0,.0055403002,.026382593,.76336598,.30642438,0,1.131683,Y
1038,3.3166666,2,2.7,MidSub,3.375,3.4000001,3.3,0,2,CLEAM,4,-.6145795,-1.5009336,-.030765358,-1.2273397,1.0203104,.5,.25,.23190089,-.024638912,-.28622031,.064938039,-.19843072,0,.0055403002,.014073563,.40721169,-.24892622,0,.95360583,Y
795,2.5,2,5,HighSub,2.6875,4.0999999,4.8000002,0,0,CLMG,4,-2.8024435,1.458654,-1.2613797,2.0632799,2.0437534,0,0,-.72298509,-.12873808,-1.4954984,.064938039,-1.1053894,0,.0055403002,.017701114,.51217264,-1.3866825,0,1.0060863,Y
912,3.9000001,2,2.3,MidSub,4,2.5999999,3.5,0,0,ACME,0,.94818097,-1.1063219,1.0879749,-1.7996216,-.1493393,0,0,-.72298509,-.012561036,-.14591651,-.33912086,-.19421759,0,.0055403002,.022947241,.66396618,-.24364097,0,1.0819831,Y
867,3.8833334,2,4,NoSub,3.25,2,4.1999998,0,0,BIG,0,.90353072,.27481842,-.25451341,.63257563,-1.0265762,0,0,-.72298509,-.030450836,-.35373509,-.33912086,-.35008153,0,.0055403002,-.015545558,-.44979957,-.43916827,0,.52510023,Y
881,3.4833333,2,2.5999999,HighSub,3.4375,2.7,4.0999999,0,4,BIEM,0,-.16807643,.077512793,.081108674,-1.3704103,-.0031329209,1,.5,1.1867869,.080046363,.92986637,-.33912086,.61261958,0,.0055403002,-.0013668786,-.039548099,.76851553,0,.73022592,Y
829,3.2333333,2,3.2,NoSub,3.875,3.5,4.0999999,0,0,BIEM,5,-.83783072,.077512793,.86422688,-.51198763,1.1665164,0,0,-.72298509,-.042059526,-.48858857,.16595277,-.32495323,0,.0055403002,.047887195,1.3855885,-.40764546,0,1.4427943,Y
1046,3.1833334,2,3.7,NoSub,3.375,4.3000002,3.8,0,1,BEMACS,0,-.97178149,-.51440454,-.030765358,.20336446,2.3361661,.25,.125,-.24554211,-.0491479,-.57093138,-.33912086,-.51297873,0,.0055403002,.046590496,1.3480693,-.64351863,0,1.4240346,Y
870,3.5833333,2,3.0999999,MidSub,3.125,2.8,3.9000001,0,2,BIEM,0,.099825047,-.31709847,-.47826147,-.65505826,.14307311,.5,.25,.23190089,-.0012988518,-.015088244,-.33912086,-.096096396,0,.0055403002,-.010527039,-.30459177,-.12055045,0,.59770411,Y
1061,3.55,2,3.5,NoSub,3.875,2.3,4.8000002,0,1,BEMACS,0,.010524554,1.458654,.86422688,-.08277645,-.58795774,.25,.125,-.24554211,.033281285,.38661528,-.33912086,.20518124,0,.0055403002,.020303255,.58746403,.25739458,0,1.043732,Y
1002,3.7833333,2,3.0999999,MidSub,3.25,2.7,3.8,0,1,CLEF,0,.63562864,-.51440454,-.25451341,-.65505826,-.0031329209,.25,.125,-.24554211,-.01754147,-.2037722,-.33912086,-.23760937,0,.0055403002,-.006455753,-.18679158,-.29807484,0,.65660423,Y
887,4.1166668,2,2.4000001,NoSub,4.625,3.3,3.5999999,1,4,BIEM,20,1.5286348,-.90901625,2.2067153,-1.6565509,.87410396,1,1,3.0965588,.29620254,3.4408655,1.6811737,3.0009425,0,.0055403002,.074750125,2.1628511,3.764605,0,1.8314255,Y
753,3.6833334,2,3,MidSub,3.9375,2.4000001,3.3,0,0,DSBA,0,.36772716,-1.5009336,.97610092,-.79812855,-.44175136,0,0,-.72298509,-.036193274,-.4204427,-.33912086,-.40011224,0,.0055403002,.02132085,.61690754,-.50193053,0,1.0584538,Y
975,3.4333334,2,4.0999999,NoSub,3.25,3,3.9000001,0,0,BIEM,0,-.30202717,-.31709847,-.25451341,.77564591,.43548551,0,0,-.72298509,-.068902709,-.80041504,-.33912086,-.6850915,0,.0055403002,.010820762,.31309387,-.85942966,0,.90654695,Y
980,2.5333333,2,3.3,MidSub,2.875,3.5,4.3000002,0,1,BESS-CLES,0,-2.7131429,.47212499,-.92575759,-.36891735,1.1665164,.25,.125,-.24554211,-.10068168,-1.1695786,-.33912086,-.96196413,0,.0055403002,-.0040379958,-.11683525,-1.2067592,0,.69158238,Y
963,3.4166667,2,2.4000001,HighSub,3.4375,1.7,2.8,0,0,BIEF,0,-.34667739,-2.4874628,.081108674,-1.6565509,-1.4651946,0,0,-.72298509,-.095938601,-1.1144801,-.33912086,-.92064035,0,.0055403002,-.028698828,-.83038145,-1.1549196,0,.33480927,Y
1069,3.55,2,4,NoSub,3.4375,1.9,4.0999999,0,2,MM,0,.010524554,.077512793,.081108674,.63257563,-1.1727824,.5,.25,.23190089,.019632008,.22805712,-.33912086,.086262621,0,.0055403002,-.0081686005,-.23635179,.10821424,0,.63182414,Y
1065,3.7666667,2,2.7,NoSub,3.0625,2.3,4.3000002,0,1,CLEACC,2,.59097838,.47212499,-.59013551,-1.2273397,-.58795774,.25,.125,-.24554211,-.012205865,-.14179063,-.13709141,-.14061582,0,.0055403002,-.030395582,-.87947601,-.17639893,0,.31026199,Y
833,2.7,2,3.3,NoSub,3.375,3.0999999,3.0999999,0,1,CLEF,0,-2.2666399,-1.8955454,-.030765358,-.36891735,.58169156,.25,.125,-.24554211,-.10277438,-1.1938885,-.33912086,-.9801966,0,.0055403002,.012247134,.35436508,-1.2296314,0,.92718256,Y
760,4.0500002,2,3.9000001,MidSub,3.5625,2.9000001,4,0,0,M,0,1.3500338,-.11979283,.30485675,.48950535,.28927949,0,0,-.72298509,-.0098320842,-.11421537,-.33912086,-.17044175,0,.0055403002,.022877816,.66195738,-.21381478,0,1.0809786,Y
997,3.4833333,2,4,NoSub,3.0625,4.0999999,3.9000001,0,1,BIEF,0,-.16807643,-.31709847,-.59013551,.63257563,2.0437534,.25,.125,-.24554211,-.04330454,-.5030514,-.33912086,-.46206877,0,.0055403002,.027878862,.80665964,-.57965338,0,1.1533298,Y
909,3.45,2,3.2,NoSub,3.5625,3.3,4,0,2,CLMG,4,-.25737691,-.11979283,.30485675,-.51198763,.87410396,.5,.25,.23190089,.016610892,.19296204,.064938039,.16095604,0,.0055403002,.026278673,.76035911,.20191522,0,1.1301795,Y
819,3.4666667,2,4.0999999,MidSub,2.9375,2.7,4,0,3,GIO,4,-.21272667,-.11979283,-.8138836,.77564591,-.0031329209,.75,.375,.70934391,.01694612,.19685625,.064938039,.1638767,0,.0055403002,-.013327826,-.38563085,.2055791,0,.55718458,Y
955,3.55,2,3.2,MidSub,4.3125,2.5,4.3000002,0,0,BIG,2,.010524554,.47212499,1.6473451,-.51198763,-.29554534,0,0,-.72298509,.0077764029,.090335332,-.13709141,.033478647,0,.0055403002,.045626234,1.3201691,.041998103,0,1.4100845,Y
781,3.8666666,2,4.3000002,NoSub,2.5625,3.0999999,4.9000001,0,2,MM,0,.85887986,1.6559597,-1.4851278,1.0617871,.58169156,.5,.25,.23190089,.019625811,.22798513,-.33912086,.086208627,0,.0055403002,-.021070346,-.60965598,.1081465,0,.44517201,Y
896,3.25,2,3.7,MidSub,3.3125,3.5,4.8000002,0,0,BIEM,3,-.79318047,1.458654,-.14263938,.20336446,1.1665164,0,0,-.72298509,-.047909074,-.55654043,-.036076687,-.4264245,0,.0055403002,.022964261,.66445863,-.53493857,0,1.0822294,Y
1026,2.7833333,2,3.9000001,HighSub,2.1875,3.2,4.1999998,0,0,BIEM,0,-2.0433886,.27481842,-2.1563721,.48950535,.72789794,0,0,-.72298509,-.15671329,-1.8204752,-.33912086,-1.4501367,0,.0055403002,-.042226858,-1.2218068,-1.8191592,0,.13909662,Y
855,3.1666667,2,4.3000002,MidSub,3.375,1.7,3.4000001,1,0,BIEM,0,-1.0164317,-1.3036275,-.030765358,1.0617871,-1.4651946,0,.5,1.1867869,.033730276,.39183101,-.33912086,.20909303,0,.0055403002,-.013657517,-.39517024,.26230183,0,.55241489,Y
864,2.9666667,2,2.5999999,HighSub,2.4375,2.2,3.5999999,0,0,BIEM,0,-1.5522352,-.90901625,-1.7088758,-1.3704103,-.73416376,0,0,-.72298509,-.15138999,-1.7586365,-.33912086,-1.4037576,0,.0055403002,-.06695804,-1.9373884,-1.7609777,0,-.21869421,N
791,3.75,2,3.0999999,MidSub,4,2.5,4.3000002,1,3,DSBA,0,.54632813,.47212499,1.0879749,-.65505826,-.29554534,.75,.875,2.6191158,.23029999,2.6753023,-.33912086,1.9216964,0,.0055403002,.028132221,.81399041,2.4107187,0,1.1569952,Y
779,2.6333334,2,4.3000002,HighSub,2.125,2.4000001,4.5,0,0,M,2,-2.4452407,.86673623,-2.2682459,1.0617871,-.44175136,0,0,-.72298509,-.15978485,-1.8561562,-.13709141,-1.4263901,0,.0055403002,-.061990555,-1.7936573,-1.7893696,0,-.14682865,N
839,2.9833333,2,3.3,MidSub,2,3.0999999,2.8,0,1,BIEF,0,-1.507585,-2.4874628,-2.4919941,-.36891735,.58169156,.25,.125,-.24554211,-.16724052,-1.9427657,-.33912086,-1.5418545,0,.0055403002,-.060477745,-1.7498851,-1.9342169,0,-.12494254,N
852,3.2,2,4.5,NoSub,2.625,1.6,4.5,0,0,CLMG,4,-.92713124,.86673623,-1.3732537,1.3479277,-1.6114008,0,0,-.72298509,-.097244874,-1.1296545,.064938039,-.83100641,0,.0055403002,-.05393444,-1.5605586,-1.0424762,0,-.030279279,N
1052,3.4166667,2,4.0999999,MidSub,3.4375,2,4.9000001,0,2,DES-ESS,4,-.34667739,1.6559597,.081108674,.77564591,-1.0265762,.5,.25,.23190089,.037241951,.43262473,.064938039,.34070307,0,.0055403002,-.0046628993,-.13491645,.42740324,0,.68254179,Y
854,4.0500002,2,3.5,MidSub,4.125,2.4000001,3.9000001,0,1,BIEF,0,1.3500338,-.31709847,1.311723,-.08277645,-.44175136,.25,.125,-.24554211,.048986543,.56905693,-.33912086,.34201247,0,.0055403002,.036066033,1.0435504,.42904583,0,1.2717752,Y
849,2.8666666,2,3.9000001,NoSub,2.625,3,4,0,2,BIEM,0,-1.8201374,-.11979283,-1.3732537,.48950535,.43548551,.5,.25,.23190089,-.070130445,-.81467712,-.33912086,-.69578803,0,.0055403002,-.02416726,-.69926327,-.87284815,0,.40036836,Y
1051,3.2166667,2,2.5999999,HighSub,2.625,3.5,3.5999999,0,1,MM,0,-.88248098,-.90901625,-1.3732537,-1.3704103,1.1665164,.25,.125,-.24554211,-.093218498,-1.0828817,-.33912086,-.89694148,0,.0055403002,-.024020117,-.69500577,-1.12519,0,.40249711,Y
981,3.3666666,2,4.0999999,HighSub,2.8125,3.0999999,3.3,1,3,BESS-CLES,2,-.48062879,-1.5009336,-1.0376316,.77564591,.58169156,.75,.875,2.6191158,.11044674,1.2830154,-.13709141,.92798865,0,.0055403002,-.0097789047,-.28294495,1.1641378,0,.60852754,Y
946,3.1833334,2,3.8,NoSub,3.25,2.4000001,4.5,0,0,BEMACS,0,-.97178149,.86673623,-.25451341,.34643474,-.44175136,0,0,-.72298509,-.065249711,-.75797963,-.33912086,-.65326494,0,.0055403002,-.0073165419,-.21169798,-.81950408,0,.64415103,Y
936,3.6500001,2,3.8,NoSub,2.6875,2.3,4.1999998,1,4,M,1,.27842668,.27481842,-1.2613797,.34643474,-.58795774,1,1,3.0965588,.18357868,2.1325595,-.23810615,1.5398932,0,.0055403002,-.0396077,-1.146023,1.9317564,0,.17698848,Y
893,3.5333333,2,3.9000001,NoSub,3.6875,2.8,3.9000001,0,2,BESS-CLES,0,-.034125689,-.31709847,.52860481,.48950535,.14307311,.5,.25,.23190089,.025267422,.29352146,-.33912086,.13536088,0,.0055403002,.026949096,.77975744,.16980675,0,1.1398787,Y
811,2.6666667,2,4.3000002,HighSub,2,2.9000001,4.5999999,0,0,MM,0,-2.3559403,1.0640419,-2.4919941,1.0617871,.28927949,0,0,-.72298509,-.16101016,-1.8703902,-.33912086,-1.4875729,0,.0055403002,-.055901568,-1.6174762,-1.8661219,0,-.058738112,N
954,3.7666667,2,4.1999998,MidSub,3.75,2.7,3.9000001,1,3,CLEAM,0,.59097838,-.31709847,.64047885,.91871619,-.0031329209,.75,.875,2.6191158,.2050875,2.3824189,-.33912086,1.702034,0,.0055403002,.030611597,.88572967,2.1351578,0,1.1928649,Y
857,4,2,4.8000002,HighSub,4.4375,3.7,4.1999998,0,0,CLEACC,0,1.2160825,.27481842,1.8710932,1.7771393,1.4589288,0,0,-.72298509,.039788242,.46220398,-.33912086,.26187277,0,.0055403002,.098168515,2.8404479,.32851264,0,2.170224,Y
1062,4.0333333,2,4.8000002,NoSub,2.9375,3.9000001,4.5999999,0,0,BIEF,0,1.305383,1.0640419,-.8138836,1.7771393,1.7513412,0,0,-.72298509,-.024373392,-.28313589,-.33912086,-.29713213,0,.0055403002,.023912424,.69189316,-.37274462,0,1.0959466,Y
880,4.0166669,2,2.2,NoSub,4.1875,1.8,4.0999999,0,1,CLEAM,4,1.2607334,.077512793,1.4235971,-1.9426918,-1.3189886,.25,.125,-.24554211,.056694701,.6585995,.064938039,.51018411,0,.0055403002,.011578092,.33500677,.64001286,0,.91750336,Y
894,3.9166667,2,3.5999999,NoSub,3.9375,2.5999999,3.7,1,1,BIG,0,.99283123,-.71171016,.97610092,.060293835,-.1493393,.25,.625,1.6642299,.15337253,1.7816669,-.33912086,1.25147,0,.0055403002,.032194767,.93153769,1.5699369,0,1.2157688,Y
775,3.9000001,2,3.0999999,NoSub,3.25,3.5,4.0999999,0,0,CLMG,5,.94818097,.077512793,-.25451341,-.65505826,1.1665164,0,0,-.72298509,-.032652076,-.37930602,.16595277,-.24299133,0,.0055403002,.013864799,.40117124,-.30482638,0,.9505856,Y
861,3.5666666,2,4.0999999,HighSub,4.125,2.5,4.0999999,0,0,BEMACS,0,.055174798,.077512793,1.311723,.77564591,-.29554534,0,0,-.72298509,-.0076047229,-.088341005,-.33912086,-.15103596,0,.0055403002,.044399884,1.2846854,-.18947072,0,1.3923427,Y
835,3.5666666,2,3.5999999,MidSub,3.625,3.5,4,0,0,CLEAM,0,.055174798,-.11979283,.41673076,.060293835,1.1665164,0,0,-.72298509,-.037312977,-.43344983,-.33912086,-.40986758,0,.0055403002,.038527012,1.1147573,-.51416832,0,1.3073786,Y
773,3.3166666,2,4.1999998,HighSub,3.375,2.2,4,1,3,EMIT,0,-.6145795,-.11979283,-.030765358,.91871619,-.73416376,.75,.875,2.6191158,.15985295,1.8569473,-.33912086,1.3079302,0,.0055403002,-.0019228067,-.055633541,1.6407648,0,.72218323,Y
806,3.1500001,2,4.1999998,HighSub,2.75,2.0999999,4.3000002,0,1,AFC,0,-1.061082,.47212499,-1.1495057,.91871619,-.88037014,.25,.125,-.24554211,-.068013638,-.79008704,-.33912086,-.67734551,0,.0055403002,-.037519645,-1.0856065,-.84971249,0,.20719677,Y
809,3.4666667,2,4.0999999,HighSub,2.9375,2.2,3.4000001,0,0,GIO,8,-.21272667,-1.3036275,-.8138836,.77564591,-.73416376,0,0,-.72298509,-.099622115,-1.15727,.46899694,-.75070322,0,.0055403002,-.026028171,-.75310761,-.94173789,0,.3734462,Y
1024,3.1666667,2,4.3000002,HighSub,2.1875,3.5999999,4.4000001,0,1,MM,4,-1.0164317,.66943061,-2.1563721,1.0617871,1.3127224,.25,.125,-.24554211,-.093440272,-1.085458,.064938039,-.79785901,0,.0055403002,-.028204061,-.81606567,-1.0008936,0,.34196717,Y
821,3.6333334,2,3.4000001,NoSub,3.875,2.3,4.5,0,0,CLEAM,0,.23377642,.86673623,.86422688,-.22584672,-.58795774,0,0,-.72298509,-.0035296076,-.041002035,-.33912086,-.11553174,0,.0055403002,.019337624,.55952412,-.1449316,0,1.029762,Y
902,3.5666666,2,3.4000001,NoSub,3.8125,2.2,3.7,0,1,BIEM,0,.055174798,-.71171016,.75235283,-.22584672,-.73416376,.25,.125,-.24554211,-.0048540984,-.056388114,-.33912086,-.12707131,0,.0055403002,.013491882,.3903811,-.15940768,0,.94519055,Y
962,3.4166667,2,4.1999998,MidSub,3.375,3.0999999,4.0999999,0,1,BIEM,2,-.34667739,.077512793,-.030765358,.91871619,.58169156,.25,.125,-.24554211,-.024496889,-.28457049,-.13709141,-.24770072,0,.0055403002,.020937812,.60582453,-.31073418,0,1.0529122,Y
888,3.6500001,3,3.5,HighSub,3.375,3.0999999,4.5999999,0,1,BIEF,6,.27842668,1.0640419,-.030765358,-.08277645,.58169156,.25,.125,-.24554211,.0066798162,.077596724,.26696751,.12493942,0,.0023139999,.010952096,.31689394,.15673329,0,.90844697,Y
986,3.6500001,3,4.1999998,NoSub,3.3125,2.4000001,4.1999998,0,1,CLEF,0,.27842668,.27481842,-.14263938,.91871619,-.44175136,.25,.125,-.24554211,-.0096772481,-.1124167,-.33912086,-.16909274,0,.0023139999,-.0033746439,-.097641565,-.2121225,0,.70117921,Y
987,3.3333333,3,3.7,HighSub,3.25,2.5999999,3.4000001,1,4,CLEF,0,-.56992924,-1.3036275,-.25451341,.20336446,-.1493393,1,1,3.0965588,.16705652,1.9406283,-.33912086,1.3706911,0,.0023139999,-.0064283391,-.18599838,1.7194967,0,.65700078,Y
814,3.1500001,3,3,NoSub,3,3.2,3.4000001,0,0,CLEAM,0,-1.061082,-1.3036275,-.70200956,-.79812855,.72789794,0,0,-.72298509,-.11648694,-1.3531818,-.33912086,-1.0996666,0,.0023139999,-.011170044,-.32319671,-1.3795035,0,.58840168,Y
793,3.45,3,3.9000001,HighSub,4,2.7,4.6999998,0,0,ACME,16,-.25737691,1.2613475,1.0879749,.48950535,-.0031329209,0,0,-.72298509,-.0020702304,-.02404904,1.2771147,.3012419,0,.0023139999,.03771111,1.0911497,.37790021,0,1.2955749,Y
722,3.1333334,3,2.9000001,HighSub,3.9375,4.6999998,4.9000001,0,0,DES-ESS,0,-1.1057322,1.6559597,.97610092,-.94119883,2.9209902,0,0,-.72298509,-.019020699,-.2209558,-.33912086,-.25049707,0,.0023139999,.075550504,2.1860096,-.31424212,0,1.8430048,Y
889,4.0166669,3,3,NoSub,4.3125,4.3000002,4.5,0,0,BIG,4,1.2607334,.86673623,1.6473451,-.79812855,2.3361661,0,0,-.72298509,.044027053,.51144451,.064938039,.39981788,0,.0023139999,.086189926,2.4938548,.50156122,0,1.9969274,Y
748,2.9333334,3,3.2,NoSub,2.875,3.7,4.5999999,0,0,GIO,2,-1.6415358,1.0640419,-.92575759,-.51198763,1.4589288,0,0,-.72298509,-.097745009,-1.1354644,-.13709141,-.88587117,0,.0023139999,-.0031497867,-.091135465,-1.1113026,0,.70443225,Y
716,3.25,3,4.6999998,MidSub,2.4375,1.6,4.4000001,0,1,M,0,-.79318047,.66943061,-1.7088758,1.6340683,-1.6114008,.25,.125,-.24554211,-.074909545,-.87019402,-.33912086,-.73742574,0,.0023139999,-.065146513,-1.884973,-.92508161,0,-.19248652,N
726,3.1166666,3,3.2,NoSub,2.0625,1.9,2.5,0,2,CYBER,0,-1.1503831,-3.07938,-2.38012,-.51198763,-1.1727824,.5,.25,.23190089,-.13290015,-1.5438474,-.33912086,-1.2426658,0,.0023139999,-.091844827,-2.6574726,-1.5588923,0,-.57873631,N
1058,3.4666667,3,2.4000001,NoSub,2.9375,2.4000001,4,0,1,DES-ESS,0,-.21272667,-.11979283,-.8138836,-1.6565509,-.44175136,.25,.125,-.24554211,-.047714654,-.55428195,-.33912086,-.50049168,0,.0023139999,-.040590055,-1.1744468,-.62785393,0,.16277659,Y
730,3.7833333,3,2.8,NoSub,3.8125,2.9000001,4.3000002,0,1,GIO,0,.63562864,.47212499,.75235283,-1.0842694,.28927949,.25,.125,-.24554211,.028523853,.33135012,-.33912086,.16373238,0,.0023139999,.02225228,.6438579,.20539805,0,1.071929,Y
992,4.0666666,3,3,MidSub,3.8125,2,3.8,0,0,CLEAM,1,1.3946835,-.51440454,.75235283,-.79812855,-1.0265762,0,0,-.72298509,-.0020734828,-.024086822,-.23810615,-.07759165,0,.0023139999,.001322918,.03827953,-.097336724,0,.76913977,Y
921,3.55,3,3.3,HighSub,4.125,2.7,3.7,0,1,M,4,.010524554,-.71171016,1.311723,-.36891735,-.0031329209,.25,.125,-.24554211,.010612679,.12328321,.064938039,.10869692,0,.0023139999,.038528677,1.1148056,.13635749,0,1.3074028,Y
933,3.9333334,3,3.2,NoSub,3,2.3,3.7,0,0,CLEAM,0,1.0374814,-.71171016,-.70200956,-.51198763,-.58795774,0,0,-.72298509,-.056802951,-.65985698,-.33912086,-.57967293,0,.0023139999,-.032099403,-.92877501,-.72718477,0,.28561249,Y
1055,2.8666666,3,3.0999999,MidSub,2.125,1.8,3.5,0,0,MM,0,-1.8201374,-1.1063219,-2.2682459,-.65505826,-1.3189886,0,0,-.72298509,-.17755085,-2.0625367,-.33912086,-1.6316828,0,.0023139999,-.092044845,-2.66326,-2.0469041,0,-.58162999,N
988,2.45,3,4.5999999,HighSub,2.625,3,4.8000002,0,0,BIG,0,-2.9363942,1.458654,-1.3732537,1.490998,.43548551,0,0,-.72298509,-.13522856,-1.5708957,-.33912086,-1.262952,0,.0023139999,-.020634146,-.59703475,-1.5843407,0,.45148262,Y
842,3.4000001,3,3.0999999,MidSub,3.75,2.2,3.8,0,0,BIEM,0,-.39132765,-.51440454,.64047885,-.65505826,-.73416376,0,0,-.72298509,-.047843359,-.55577701,-.33912086,-.50161296,0,.0023139999,.0040630121,.11756249,-.62926054,0,.80878127,Y
836,4.2166667,3,3.8,NoSub,3.75,2.2,4.3000002,0,1,CLEAM,0,1.7965362,.47212499,.64047885,.34643474,-.73416376,.25,.125,-.24554211,.052819919,.61358774,-.33912086,.37541059,0,.0023139999,.010822429,.31314212,.47094291,0,.90657103,Y
890,3.9666667,3,3.5,NoSub,2.9375,2.8,4.4000001,0,1,BIG,0,1.1267819,.66943061,-.8138836,-.08277645,.14307311,.25,.125,-.24554211,-.0028151097,-.032702003,-.33912086,-.10930672,0,.0023139999,-.019807843,-.5731262,-.13712247,0,.4634369,Y
792,3.5666666,3,1.6,HighSub,3.125,2,4.0999999,0,0,GIO,0,.055174798,.077512793,-.47826147,-2.8011143,-1.0265762,0,0,-.72298509,-.06049554,-.70275235,-.33912086,-.61184448,0,.0023139999,-.048558351,-1.4050046,-.76754314,0,.04749769,Y
949,3.7833333,3,4.4000001,MidSub,3.625,3.5,5,0,1,CLEAM,0,.63562864,1.8532653,.41673076,1.2048575,1.1665164,.25,.125,-.24554211,.041446742,.48147011,-.33912086,.27632236,0,.0023139999,.043025758,1.2449259,.34663931,0,1.372463,Y
1019,3.9833333,3,3.8,NoSub,3.875,1.8,3.7,1,4,BIEM,0,1.1714323,-.71171016,.86422688,.34643474,-1.3189886,1,1,3.0965588,.25130442,2.9193022,-.33912086,2.1046965,0,.0023139999,.0072735022,.21045606,2.6402876,0,.85522801,Y
965,3.1666667,3,3.9000001,MidSub,2.875,2.4000001,3.5,0,0,BIEF,8,-1.0164317,-1.1063219,-.92575759,.48950535,-.44175136,0,0,-.72298509,-.11877384,-1.3797479,.46899694,-.91756165,0,.0023139999,-.029411267,-.85099542,-1.1510575,0,.32450229,Y
727,3.7166667,3,4.0999999,HighSub,2.75,3.8,4.3000002,0,0,CLELI,0,.45702764,.47212499,-1.1495057,.77564591,1.6051348,0,0,-.72298509,-.064249448,-.74635994,-.33912086,-.6445502,0,.0023139999,.0014696013,.042523719,-.80857164,0,.77126187,Y
807,3.3666666,3,3,MidSub,2.8125,2.9000001,3.9000001,0,0,AFC,3,-.48062879,-.31709847,-1.0376316,-.79812855,.28927949,0,0,-.72298509,-.096288875,-1.1185491,-.036076687,-.84793103,0,.0023139999,-.028707277,-.83062589,-1.0637077,0,.33468705,Y
976,3.4166667,3,4.1999998,NoSub,2.875,2.7,3.5999999,1,4,CLEAM,0,-.34667739,-.90901625,-.92575759,.91871619,-.0031329209,1,1,3.0965588,.15905617,1.8476914,-.33912086,1.3009883,0,.0023139999,-.018894171,-.54668963,1.6320564,0,.47665519,Y
724,3.7666667,3,3.3,MidSub,4.375,4.5,4.4000001,0,0,DES-ESS,0,.59097838,.66943061,1.7592192,-.36891735,2.6285782,0,0,-.72298509,.028145794,.32695833,-.33912086,.16043854,0,.0023139999,.097472623,2.8203127,.20126602,0,2.1601563,Y
742,3.25,3,3,NoSub,3.0625,3.5,4.0999999,0,0,CLELI,0,-.79318047,.077512793,-.59013551,-.79812855,1.1665164,0,0,-.72298509,-.083971716,-.9754656,-.33912086,-.81637943,0,.0023139999,-.0002441601,-.0070629227,-1.024127,0,.74646854,Y
777,3.5333333,3,4.0999999,NoSub,3.5,2.3,4.0999999,0,2,MM,0,-.034125689,.077512793,.1929827,.77564591,-.58795774,.5,.25,.23190089,.021876078,.25412557,-.33912086,.10581396,0,.0023139999,.003036682,.087866247,.13274089,0,.79393315,Y
935,3.0166667,3,4,MidSub,3.1875,4,4.4000001,0,0,BESS-CLES,1,-1.4182845,.66943061,-.36638746,.63257563,1.8975472,0,0,-.72298509,-.082434289,-.95760596,-.23810615,-.777731,0,.0023139999,.028723845,.83110869,-.97564352,0,1.1655543,Y
1045,3.4000001,3,2.2,HighSub,4,3.8,3.7,0,2,BIEM,0,-.39132765,-.71171016,1.0879749,-1.9426918,1.6051348,.5,.25,.23190089,.026777273,.31106079,-.33912086,.14851537,0,.0023139999,.049236141,1.4246196,.18630871,0,1.4623098,Y
812,3.7166667,3,3.5999999,MidSub,3.8125,2.3,4,0,1,DSBA,2,.45702764,-.11979283,.75235283,.060293835,-.58795774,.25,.125,-.24554211,.014488892,.16831161,-.13709141,.091960855,0,.0023139999,.014736908,.42640519,.11536253,0,.9632026,Y
768,3.5833333,3,3.0999999,NoSub,3.375,2,4.3000002,0,2,IM,0,.099825047,.47212499,-.030765358,-.65505826,-1.0265762,.5,.25,.23190089,.024975242,.29012731,-.33912086,.13281527,0,.0023139999,-.020851186,-.6033147,.16661334,0,.44834265,Y
884,4.0500002,3,2.5,MidSub,3.625,3.3,3.9000001,0,2,CLEACC,1,1.3500338,-.31709847,.41673076,-1.5134807,.87410396,.5,.25,.23190089,.054871518,.6374203,-.23810615,.41853869,0,.0023139999,.019598631,.56707615,.52504599,0,1.0335381,Y
764,3.4333334,3,3.8,HighSub,3.25,2.8,3.5,0,2,MM,0,-.30202717,-1.1063219,-.25451341,.34643474,.14307311,.5,.25,.23190089,-.017293327,-.20088962,-.33912086,-.23544744,0,.0023139999,-.00038256965,-.011067719,-.29536274,0,.74446613,Y
885,3.7166667,3,3.3,HighSub,3.375,2.7,4,0,2,CLEAM,7,.45702764,-.11979283,-.030765358,-.36891735,-.0031329209,.5,.25,.23190089,.023679545,.27507573,.36798221,.29830235,0,.0023139999,-.0011394385,-.032967258,.37421262,0,.7335164,Y
740,3.45,3,2.5999999,HighSub,3.25,2.3,4,0,2,FIN,8,-.25737691,-.11979283,-.25451341,-1.3704103,-.58795774,.5,.25,.23190089,.000082510218,.00095848163,.46899694,.1179681,0,.0023139999,-.024670485,-.7138238,.14798795,0,.3930881,Y
968,2.5833333,3,2.5999999,HighSub,2.6875,2.0999999,2.0999999,0,0,BEMACS,0,-2.5791922,-3.8686035,-1.2613797,-1.3704103,-.88037014,0,0,-.72298509,-.21152692,-2.4572229,-.33912086,-1.9276974,0,.0023139999,-.059501711,-1.7216442,-2.4182467,0,-.11082208,N
1060,3.25,3,4.5,NoSub,2.6875,3.4000001,4.8000002,1,1,M,0,-.79318047,1.458654,-1.2613797,1.3479277,1.0203104,.25,.625,1.6642299,.080686092,.93729782,-.33912086,.61819315,0,.0023139999,-.0081338212,-.23534547,.77550739,0,.63232726,Y
960,4.0333333,3,3,HighSub,3.4375,3.0999999,3.7,1,4,CLEAM,0,1.305383,-.71171016,.081108674,-.79812855,.58169156,1,1,3.0965588,.2313495,2.6874938,-.33912086,1.9308401,0,.0023139999,.0094296178,.27284196,2.4221892,0,.88642097,Y
865,3.6833334,3,4,MidSub,4.0625,2.9000001,3.4000001,0,3,BIEM,0,.36772716,-1.3036275,1.199849,.63257563,.28927949,.75,.375,.70934391,.070672087,.82096916,-.33912086,.53094667,0,.0023139999,.047062557,1.3617282,.66605896,0,1.4308641,Y
772,3.7666667,3,3.9000001,HighSub,3.0625,2.4000001,4.3000002,0,0,AFC,0,.59097838,.47212499,-.59013551,.48950535,-.44175136,0,0,-.72298509,-.044536252,-.51735967,-.33912086,-.47279996,0,.0023139999,-.019494239,-.56405228,-.59311539,0,.46797386,Y
769,3.8333333,3,3.5999999,HighSub,3.25,3.4000001,4.4000001,0,1,FIN,0,.76957935,.66943061,-.25451341,.060293835,1.0203104,.25,.125,-.24554211,.0052204239,.060643554,-.33912086,-.039297551,0,.0023139999,.012926587,.37402463,-.049297765,0,.93701231,Y
837,3.5666666,3,3.9000001,MidSub,4.25,1.8,4.1999998,0,0,BIEM,0,.055174798,.27481842,1.5354711,.48950535,-1.3189886,0,0,-.72298509,.0022694734,.026363552,-.33912086,-.065007553,0,.0023139999,.028073192,.81228244,-.0815503,0,1.1561413,Y
990,3.3,3,4,HighSub,2.5625,2.5999999,4.8000002,0,0,BEMACS,15,-.65922976,1.458654,-1.4851278,.63257563,-.1493393,0,0,-.72298509,-.084392376,-.98035222,1.1761,-.44123918,0,.0023139999,-.039893888,-1.1543037,-.55352318,0,.17284817,Y
846,4.2166667,3,2.3,MidSub,3.8125,2.2,4.8000002,0,0,BIEM,0,1.7965362,1.458654,.75235283,-1.7996216,-.73416376,0,0,-.72298509,.040109437,.46593517,-.33912086,.26467115,0,.0023139999,-.00035635984,-.010309354,.33202314,0,.74484533,Y
1064,3.6333334,3,3.5,MidSub,3.25,2.3,3.5999999,0,0,CLEAM,0,.23377642,-.90901625,-.25451341,-.08277645,-.58795774,0,0,-.72298509,-.065951988,-.76613766,-.33912086,-.65938348,0,.0023139999,-.015979808,-.46236432,-.82717961,0,.51881784,Y
959,3.8333333,3,3.7,MidSub,3.6875,1.8,3.9000001,0,4,CLEF,0,.76957935,-.31709847,.52860481,.20336446,-1.3189886,1,.5,1.1867869,.10903709,1.2666399,-.33912086,.86519974,0,.0023139999,-.0036091558,-.10442702,1.0853708,0,.69778651,Y
816,3.3166666,3,4.4000001,MidSub,3.75,4.0999999,4.5999999,1,3,CLMG,1,-.6145795,1.0640419,.64047885,1.2048575,2.0437534,.75,.875,2.6191158,.19926408,2.3147705,-.23810615,1.6765513,0,.0023139999,.064877525,1.8771935,2.1031904,0,1.6885967,Y
897,4.1333332,3,3.5999999,HighSub,4.4375,2.4000001,4,0,2,BIEM,0,1.5732844,-.11979283,1.8710932,.060293835,-.44175136,.5,.25,.23190089,.10641616,1.2361937,-.33912086,.84236503,0,.0023139999,.050333742,1.4563779,1.0567253,0,1.478189,Y
886,3.6333334,3,2.5999999,MidSub,3.375,3.5999999,4.1999998,0,1,CLEACC,5,.23377642,.27481842,-.030765358,-1.3704103,1.3127224,.25,.125,-.24554211,-.0074331765,-.086348221,.16595277,-.023272973,0,.0023139999,.014961763,.43291122,-.029195342,0,.96645558,Y
1025,3.8666666,4,3.5999999,HighSub,3.5625,3,4.3000002,0,0,BIG,4,.85887986,.47212499,.30485675,.060293835,.43548551,0,0,-.72298509,-.011721214,-.13616063,.064938039,-.085885957,1,-.0032144999,.013766189,.39831802,-.10774172,-.10774172,.89528817,Y
840,3.3,4,3.7,HighSub,3.25,2.4000001,3.8,0,1,CLEF,0,-.65922976,-.51440454,-.25451341,.20336446,-.44175136,.25,.125,-.24554211,-.048328023,-.56140721,-.33912086,-.50583565,1,-.0032144999,-.017036973,-.49295273,-.63455778,-.63455778,.18624474,Y
830,3.9166667,4,3.7,HighSub,3.6875,3.3,4.3000002,0,0,CLEAM,44,.99283123,.47212499,.52860481,.20336446,.87410396,0,0,-.72298509,-.0019250346,-.022362357,4.1055269,1.0096099,1,-.0032144999,.02896338,.83803946,1.2665297,1.2665297,1.8022846,Y
998,3.75,4,4.0999999,MidSub,3,2.5,4.3000002,0,1,MM,4,.54632813,.47212499,-.70200956,.77564591,-.29554534,.25,.125,-.24554211,-.016573146,-.19252357,.064938039,-.12815817,1,-.0032144999,-.023857089,-.69028866,-.16077112,-.16077112,.3244701,Y
799,4.1666665,4,2.9000001,HighSub,4.0625,2.5,3.5,0,1,BIEM,5,1.6625849,-1.1063219,1.199849,-.94119883,-.29554534,.25,.125,-.24554211,.040060695,.46536896,.16595277,.39051491,1,-.0032144999,.02075184,.60044354,.4898909,.4898909,1.2951672,Y
910,3.5,4,4.8000002,MidSub,2.8125,3.0999999,4,0,0,CLEACC,4,-.12342618,-.11979283,-1.0376316,1.7771393,.58169156,0,0,-.72298509,-.084533185,-.98198795,.064938039,-.72025645,1,-.0032144999,-.011774286,-.34068009,-.90354317,-.90354317,.12788837,Y
868,4.3333335,4,4.0999999,NoSub,3.5,2,4.5999999,0,0,BIEM,0,2.1090887,1.0640419,.1929827,.77564591,-1.0265762,0,0,-.72298509,.024486601,.28445098,-.33912086,.12855801,1,-.0032144999,-.010112023,-.29258353,.16127272,.16127272,.68434459,Y
770,3.1833334,4,3.8,NoSub,3.5625,3.8,4.9000001,0,2,M,0,-.97178149,1.6559597,.30485675,.34643474,1.6051348,.5,.25,.23190089,.028990828,.33677477,-.33912086,.16780086,1,-.0032144999,.036018003,1.0421607,.21050186,.21050186,1.3763313,Y
979,3.05,4,3.9000001,HighSub,3.25,2.5,4.8000002,0,0,BIEF,11,-1.328984,1.458654,-.25451341,.48950535,-.29554534,0,0,-.72298509,-.063954018,-.74292809,.77204114,-.36418578,1,-.0032144999,-.012565644,-.36357754,-.45686167,-.45686167,.33978039,Y
991,3.4333334,4,4.0999999,MidSub,3.3125,2.5,4.3000002,0,0,BEMACS,0,-.30202717,.47212499,-.14263938,.77564591,-.29554534,0,0,-.72298509,-.052545644,-.61040157,-.33912086,-.54258138,1,-.0032144999,-.0073287073,-.21204999,-.68065441,-.68065441,.30364782,Y
743,3.8166666,4,2.4000001,HighSub,3.9375,2.4000001,3.3,0,0,FIN,0,.72492909,-1.5009336,.97610092,-1.6565509,-.44175136,0,0,-.72298509,-.027700441,-.32178488,-.33912086,-.32611889,1,-.0032144999,.0067722653,.19595307,-.40910774,-.40910774,.64342266,Y
1054,3.0999999,4,3.8,NoSub,3.1875,3,4,0,2,MM,0,-1.1950333,-.11979283,-.36638746,.34643474,.43548551,.5,.25,.23190089,-.025516884,-.29641938,-.33912086,-.30709475,1,-.0032144999,-.0041366071,-.11968851,-.38524246,-.38524246,.49753451,Y
828,3.6666667,4,4.4000001,HighSub,3.4375,3,4.3000002,0,1,BIEM,0,.3230769,.47212499,.081108674,1.2048575,.43548551,.25,.125,-.24554211,.001258567,.014620259,-.33912086,-.073815018,1,-.0032144999,.014879885,.43054214,-.092599042,-.092599042,.91897154,Y
1057,3.7833333,4,3.3,MidSub,3.5625,2.9000001,3.5999999,0,2,M,4,.63562864,-.90901625,.30485675,-.36891735,.28927949,.5,.25,.23190089,.024791604,.28799406,.064938039,.23223005,1,-.0032144999,.0083292304,.24100292,.29132664,.29132664,1.0161648,Y
717,4.0500002,4,4.4000001,MidSub,4,3,4.3000002,1,2,ACME,25,1.3500338,.47212499,1.0879749,1.2048575,.43548551,.5,.75,2.1416728,.21707851,2.5217135,2.1862473,2.4378469,1,-.0032144999,.044630971,1.2913717,3.0582163,3.0582163,2.924794,Y
950,3.6333334,4,4.1999998,NoSub,3.6875,2.2,3.5,0,2,BESS-CLES,0,.23377642,-1.1063219,.52860481,.91871619,-.73416376,.5,.25,.23190089,.018585674,.21590228,-.33912086,.0771465,1,-.0032144999,.0058507747,.1692903,.096778303,.096778303,.88303429,Y
873,3.8166666,4,2.7,HighSub,4.4375,3.3,4.0999999,0,0,BIEF,3,.72492909,.077512793,1.8710932,-1.2273397,.87410396,0,0,-.72298509,.024847737,.28864613,-.036076687,.20746543,1,-.0032144999,.058975186,1.7064128,.26026005,.26026005,1.7333364,Y
838,3.5166667,4,1.4,NoSub,4.4375,4.3000002,4.3000002,0,0,BIEM,2,-.078775935,.47212499,1.8710932,-3.0872552,2.3361661,0,0,-.72298509,.012264548,.14247231,-.13709141,.072581381,1,-.0032144999,.071822681,2.0781472,.091051474,.091051474,1.8345994,Y
929,3.3,4,4.0999999,HighSub,2.75,2.3,3.5,0,1,CLEAM,12,-.65922976,-1.1063219,-1.1495057,.77564591,-.58795774,.25,.125,-.24554211,-.084561974,-.98232239,.87305588,-.5184778,1,-.0032144999,-.042159934,-1.2198703,-.65041703,-.65041703,-.18514368,N
948,3.6833334,4,3,MidSub,3.8125,2.4000001,3.9000001,1,1,CLEAM,0,.36772716,-.31709847,.75235283,-.79812855,-.44175136,.25,.625,1.6642299,.13842438,1.6080203,-.33912086,1.121235,1,-.0032144999,.0059546963,.17229722,1.4065604,1.4065604,1.5394288,Y
745,3.7833333,4,1.7,MidSub,4.0625,3.0999999,4.4000001,0,1,CLEF,0,.63562864,.66943061,1.199849,-2.6580439,.58169156,.25,.125,-.24554211,.045009404,.52285612,-.33912086,.30736187,1,-.0032144999,.02440468,.70613629,.38557756,.38557756,1.295857,Y
750,3.6166666,4,3.4000001,NoSub,4.125,3.4000001,3.4000001,0,1,MM,0,.18912554,-1.3036275,1.311723,-.22584672,1.0203104,.25,.125,-.24554211,.0050705587,.058902632,-.33912086,-.040603243,1,-.0032144999,.051746294,1.4972492,-.050935719,-.050935719,1.4731568,Y
892,3.75,4,4.1999998,HighSub,3.875,2.2,3.4000001,0,1,BIEM,0,.54632813,-1.3036275,.86422688,.91871619,-.73416376,.25,.125,-.24554211,.00034070257,.0039577982,-.33912086,-.081811868,1,-.0032144999,.015767803,.4562335,-.10263088,-.10263088,.92680132,Y
847,3.6500001,4,4,MidSub,3.1875,2.5,4.6999998,0,0,BEMACS,32,.27842668,1.2613475,-.36638746,.63257563,-.29554534,0,0,-.72298509,-.032304753,-.37527129,2.8933504,.44188413,1,-.0032144999,-.01490569,-.43128538,.55433226,.55433226,.81152344,Y
766,3.4333334,4,4.3000002,HighSub,3,1.5,4.5,0,0,MM,0,-.30202717,.86673623,-.70200956,1.0617871,-1.7576071,0,0,-.72298509,-.062548339,-.72659886,-.33912086,-.62972939,1,-.0032144999,-.047326516,-1.3693622,-.78997934,-.78997934,-.32967079,N
776,3.4333334,4,3.9000001,HighSub,2.875,2.4000001,3.4000001,0,0,BIEM,25,-.30202717,-1.3036275,-.92575759,.48950535,-.44175136,0,0,-.72298509,-.105051,-1.2203351,2.1862473,-.36868951,1,-.0032144999,-.034939766,-1.0109591,-.46251151,-.46251151,.013264671,Y
911,3.95,4,3.5999999,NoSub,2.9375,3,3.8,0,0,CLEAM,0,1.0821317,-.51440454,-.8138836,.060293835,.43548551,0,0,-.72298509,-.055784181,-.64802235,-.33912086,-.57079697,1,-.0032144999,-.019290576,-.55815935,-.71605009,-.71605009,.11289528,Y
767,3.1500001,4,4,NoSub,2.75,3.7,4.0999999,0,2,DSBA,4,-1.061082,.077512793,-1.1495057,.63257563,1.4589288,.5,.25,.23190089,-.042208951,-.49032438,.064938039,-.35150877,1,-.0032144999,-.007564595,-.21887526,-.44095871,-.44095871,.42008302,Y
927,3.8499999,4,4.5,MidSub,3.25,1.9,4.6999998,1,2,PPA,0,.81422961,1.2613475,-.25451341,1.3479277,-1.1727824,.5,.75,2.1416728,.17772248,2.0645306,-.33912086,1.4636178,1,-.0032144999,-.022012275,-.63691008,1.8360709,1.8360709,1.3495804,Y
920,3.6333334,4,3.4000001,NoSub,3.8125,1.6,4.5,0,4,CLEF,5,.23377642,.86673623,.75235283,-.22584672,-1.6114008,1,.5,1.1867869,.12248626,1.4228736,.16595277,1.1086434,1,-.0032144999,-.010503333,-.30390584,1.3907646,1.3907646,1.2934294,Y
1030,3.25,4,3.9000001,HighSub,3.375,2.8,4.5,0,1,CLEACC,0,-.79318047,.86673623,-.030765358,.48950535,.14307311,.25,.125,-.24554211,-.022061558,-.25628024,-.33912086,-.27699041,1,-.0032144999,.0016659149,.048203934,-.34747735,-.34747735,.60036331,Y
1036,4.3000002,4,3.5,MidSub,4.3125,2.5999999,4.5,0,0,DES-ESS,8,2.019788,.86673623,1.6473451,-.08277645,-.1493393,0,0,-.72298509,.062074337,.72109258,.46899694,.65806866,1,-.0032144999,.042308394,1.2241694,.82553023,.82553023,1.7748498,Y
843,3.75,4,2.8,MidSub,3.875,2,4.1999998,0,1,BIEM,0,.54632813,.27481842,.86422688,-1.0842694,-1.0265762,.25,.125,-.24554211,.026443463,.30718306,-.33912086,.14560708,1,-.0032144999,-.0028311671,-.081916399,.18266034,.18266034,.80037194,Y
899,3.1666667,4,3.7,HighSub,3.375,2.5999999,3.8,0,0,BIEF,10,-1.0164317,-.51440454,-.030765358,.20336446,-.1493393,0,0,-.72298509,-.082539894,-.95883268,.67102641,-.55136788,1,-.0032144999,-.0053454866,-.15466671,-.6916768,-.6916768,.32682824,Y
845,3,4,3.4000001,NoSub,2.9375,3,3,0,1,BIEF,0,-1.4629349,-2.0928509,-.8138836,-.22584672,.43548551,.25,.125,-.24554211,-.11006807,-1.2786164,-.33912086,-1.0437425,1,-.0032144999,-.021221835,-.61403918,-1.3093481,-1.3093481,-.21169364,N
1010,3.5666666,4,3.3,NoSub,3.625,3.2,4.0999999,0,1,BIG,4,.055174798,.077512793,.41673076,-.36891735,.72789794,.25,.125,-.24554211,-.0017197469,-.019977612,.064938039,.0012513003,1,-.0032144999,.019255111,.55713665,.0015697265,.0015697265,1.0293531,Y
926,3.4833333,4,1.9,HighSub,3.75,2.5999999,3.4000001,0,0,BIEF,0,-.16807643,-1.3036275,.64047885,-2.3719032,-.1493393,0,0,-.72298509,-.055586718,-.64572853,-.33912086,-.5690766,1,-.0032144999,-.0028927855,-.083699286,-.71389192,-.71389192,.3512044,Y
746,3.1833334,4,3.9000001,MidSub,3.5625,2.4000001,3.8,0,1,ACME,1,-.97178149,-.51440454,.30485675,.48950535,-.44175136,.25,.125,-.24554211,-.039230872,-.45572925,-.23810615,-.40132347,1,-.0032144999,.0014226715,.041165836,-.50344998,-.50344998,.51885796,Y
797,3.7833333,4,3,NoSub,3.375,3.3,4.9000001,0,0,MM,9,.63562864,1.6559597,-.030765358,-.79812855,.87410396,0,0,-.72298509,-.00736919,-.085604921,.57001168,.078299224,1,-.0032144999,.0056755813,.1642212,.098224364,.098224364,.88122278,Y
1014,3.4000001,4,2.7,HighSub,3.0625,3,2.7,0,2,CLEF,0,-.39132765,-2.6847682,-.59013551,-1.2273397,.43548551,.5,.25,.23190089,-.055436328,-.64398152,-.33912086,-.56776637,1,-.0032144999,-.021369899,-.61832333,-.71224833,-.71224833,.084714174,Y
903,3.3499999,4,4,HighSub,3.0625,4,3.9000001,1,3,BESS-CLES,5,-.52527905,-.31709847,-.59013551,.63257563,1.8975472,.75,.875,2.6191158,.14218493,1.651705,.16595277,1.280267,1,-.0032144999,.016583994,.47984949,1.6060621,1.6060621,1.7929558,Y
1008,3.4666667,4,3,HighSub,3.1875,3.5,4.1999998,1,4,PPA,5,-.21272667,.27481842,-.36638746,-.79812855,1.1665164,1,1,3.0965588,.19834644,2.3041105,.16595277,1.7695711,1,-.0032144999,.00083869247,.024268758,2.2198813,2.2198813,1.8720751,Y
966,3.75,4,3.9000001,NoSub,3.4375,1.9,4.1999998,0,1,DES-ESS,70,.54632813,.27481842,.081108674,.48950535,-1.1727824,.25,.125,-.24554211,.0033037292,.038378086,6.7319102,1.7117611,1,-.0032144999,-.01788903,-.5176065,2.1473603,2.1473603,1.5648769,Y
859,4.0166669,4,4.1999998,MidSub,3.3125,2,4.4000001,0,2,CLEF,0,1.2607334,.66943061,-.14263938,.91871619,-1.0265762,.5,.25,.23190089,.052534163,.61026818,-.33912086,.37292093,1,-.0032144999,-.019063422,-.55158681,.46781972,.46781972,.70811647,Y
982,3.6833334,4,3.3,MidSub,3.9375,2.4000001,4,0,2,BIEF,4,.36772716,-.11979283,.97610092,-.36891735,-.44175136,.5,.25,.23190089,.051307425,.59601766,.064938039,.46324775,1,-.0032144999,.015462942,.44741252,.58113235,.58113235,1.2642725,Y
939,3.3166666,4,3.5999999,MidSub,3.5,3.7,3.9000001,1,4,CLEAM,12,-.6145795,-.31709847,.1929827,.060293835,1.4589288,1,1,3.0965588,.19553185,2.2714148,.87305588,1.9218251,1,-.0032144999,.028240997,.81713778,2.4108801,2.4108801,2.3640089,Y
851,3.1166666,4,4.0999999,NoSub,2.9375,1.2,4.5999999,0,1,BESS-CLES,0,-1.1503831,1.0640419,-.8138836,.77564591,-2.1962254,.25,.125,-.24554211,-.0504313,-.58584011,-.33912086,-.52416027,1,-.0032144999,-.060183659,-1.7413759,-.65754557,-.65754557,-.44946074,N
789,3.4833333,4,4.1999998,MidSub,2.9375,2.5999999,4.3000002,0,0,CLMG,1,-.16807643,.47212499,-.8138836,.91871619,-.1493393,0,0,-.72298509,-.069194891,-.80380917,-.23810615,-.66238344,1,-.0032144999,-.023657069,-.68450117,-.83094299,-.83094299,-.0077220798,N
832,3.9166667,4,3.0999999,MidSub,3.1875,3.5999999,4,0,0,CLEACC,0,.99283123,-.11979283,-.36638746,-.65505826,1.3127224,0,0,-.72298509,-.03815899,-.44327763,-.33912086,-.41723844,1,-.0032144999,.0043443888,.12570395,-.52341491,-.52341491,.55114454,Y
908,3.4333334,4,4.1999998,HighSub,3.625,1.9,4.5,0,0,BESS-CLES,4,-.30202717,.86673623,.41673076,.91871619,-1.1727824,0,0,-.72298509,-.029491579,-.34259179,.064938039,-.24070933,1,-.0032144999,-.0050751115,-.14684357,-.30196366,-.30196366,.52559638,Y
1023,4.1666665,4,3,NoSub,3.6875,3.4000001,4,0,2,BIEF,0,1.6625849,-.11979283,.52860481,-.79812855,1.0203104,.5,.25,.23190089,.068871252,.8000496,-.33912086,.515257,1,-.0032144999,.024744036,.71595532,.64637667,.64637667,1.4311659,Y
741,3.6666667,4,3.5999999,NoSub,3.75,2.0999999,4.5999999,0,1,ACME,0,.3230769,1.0640419,.64047885,.060293835,-.88037014,.25,.125,-.24554211,.027575478,.32033321,-.33912086,.15546969,1,-.0032144999,.00082259427,.023802966,.19503273,.19503273,.85941786,Y
928,3.6500001,4,3.9000001,NoSub,4.1875,1.6,3.2,0,1,BIEM,0,.27842668,-1.6982392,1.4235971,.48950535,-1.6114008,.25,.125,-.24554211,.0039737667,.04616164,-.33912086,-.050158985,1,-.0032144999,.01415888,.40968028,-.062923156,-.062923156,.92337859,Y
1043,3.3333333,4,4.8000002,NoSub,3,2,4.6999998,0,1,BESS-CLES,0,-.56992924,1.2613475,-.70200956,1.7771393,-1.0265762,.25,.125,-.24554211,-.030061908,-.34921709,-.33912086,-.34669304,1,-.0032144999,-.029798014,-.86218572,-.43491751,-.43491751,.10144839,Y
787,3.8333333,4,3.5,MidSub,3.3125,2.9000001,3.9000001,0,0,FIN,0,.76957935,-.31709847,-.14263938,-.08277645,.28927949,0,0,-.72298509,-.040118515,-.46604064,-.33912086,-.4343107,1,-.0032144999,-.002962213,-.085708134,-.54483157,-.54483157,.43473014,Y
844,3.6500001,4,3.5,NoSub,3.25,2.5999999,4.8000002,0,2,CLEAM,0,.27842668,1.458654,-.25451341,-.08277645,-.1493393,.5,.25,.23190089,.038924553,.45217085,-.33912086,.25434792,1,-.0032144999,-.013888101,-.40184206,.31907293,.31907293,.70861542,Y
1063,3.6500001,5,3.9000001,NoSub,3.125,2,4.0999999,1,4,ACME,0,.27842668,.077512793,-.47826147,.48950535,-1.0265762,1,1,3.0965588,.20345558,2.3634615,-.33912086,1.6878159,1,-.0145579,-.04322074,-1.2505641,2.1173217,2.1173217,1.1833788,Y
878,2.95,5,3.9000001,HighSub,2.875,2.4000001,4,0,2,CLEAM,5,-1.5968856,-.11979283,-.92575759,.48950535,-.44175136,.5,.25,.23190089,-.051599704,-.59941298,.16595277,-.40807155,1,-.0145579,-.046283167,-1.3391736,-.51191527,-.51191527,-.17554441,N
863,3.3333333,5,3.2,NoSub,2.75,3.2,4.1999998,0,0,CLEAM,0,-.56992924,.27481842,-1.1495057,-.51198763,.72789794,0,0,-.72298509,-.091929235,-1.0679049,-.33912086,-.88570893,1,-.0145579,-.039333388,-1.138086,-1.111099,-1.111099,-.37459248,N
751,3.6166666,5,3.5999999,HighSub,2.5625,3.3,3.7,1,1,MM,0,.18912554,-.71171016,-1.4851278,.060293835,.87410396,.25,.625,1.6642299,.061538734,.71487069,-.33912086,.4513728,1,-.0145579,-.042847827,-1.2397741,.56623554,.56623554,.41323072,Y
969,3.6333334,5,4.9000001,MidSub,3.375,2.3,3.5999999,0,0,BIEF,0,.23377642,-.90901625,-.030765358,1.9202095,-.58795774,0,0,-.72298509,-.059340637,-.6893363,-.33912086,-.60178244,1,-.0145579,-.012721521,-.36808777,-.7549206,-.7549206,.18849581,Y
824,3.9000001,5,3.9000001,MidSub,3.8125,1.3,4.3000002,0,0,CLEACC,0,.94818097,.47212499,.75235283,.48950535,-2.0500195,0,0,-.72298509,.0036247126,.042106818,-.33912086,-.053200103,1,-.0145579,-.024638789,-.71290666,-.066738158,-.066738158,.36017758,Y
1053,3.8499999,5,3.0999999,NoSub,4,2.2,3.5999999,0,1,PPA,39,.81422961,-.90901625,1.0879749,-.65505826,-.73416376,.25,.125,-.24554211,.019847365,.23055884,3.6004534,1.0730325,1,-.0145579,.0004138154,.011975198,1.3460916,1.3460916,1.4290334,Y
914,3.8,5,3.2,NoSub,3.4375,3,2.9000001,1,1,BIEM,4,.68027884,-2.2901566,.081108674,-.51198763,.43548551,.25,.625,1.6642299,.093393095,1.0849099,.064938039,.82991695,1,-.0145579,-.0080510862,-.23295158,1.0411094,1.0411094,1.154079,Y
801,4.0666666,5,2.5999999,NoSub,3.5,3.5,4.4000001,0,1,CLMG,0,1.3946835,.66943061,.1929827,-1.3704103,1.1665164,.25,.125,-.24554211,.033305604,.38689777,-.33912086,.20539311,1,-.0145579,.0021611496,.062533252,.25766036,.25766036,.91009682,Y
744,3.5333333,5,3.5,NoSub,3.25,1.2,3.7,0,0,GIO,25,-.034125689,-.71171016,-.25451341,-.08277645,-2.1962254,0,0,-.72298509,-.069058776,-.80222797,2.1862473,-.055109143,1,-.0145579,-.060792461,-1.7589912,-.069132999,-.069132999,-.16406211,N
977,3.8666666,5,3.2,HighSub,4.125,2.9000001,4.5,0,3,CLEACC,0,.85887986,.86673623,1.311723,-.51198763,.28927949,.75,.375,.70934391,.12154672,1.4119592,-.33912086,.97418916,1,-.0145579,.025771284,.74567813,1.2220953,1.2220953,1.7338867,Y
763,3.3166666,5,3.7,NoSub,3.3125,2.3,3.7,0,2,IM,2,-.6145795,-.71171016,-.14263938,.20336446,-.58795774,.5,.25,.23190089,-.014893199,-.17300831,-.13709141,-.16402909,1,-.0145579,-.027614769,-.79901481,-.20577027,-.20577027,.24760747,Y
841,3.5333333,5,2,HighSub,3.4375,3.8,4,1,0,CLEAM,0,-.034125689,-.11979283,.081108674,-2.2288327,1.6051348,0,.5,1.1867869,.079968333,.92895991,-.33912086,.61193973,1,-.0145579,.00068189425,.019731896,.76766264,.76766264,1.1436973,Y
1009,3.3166666,5,4.4000001,MidSub,2.3125,2.7,4.0999999,0,2,BEMACS,10,-.6145795,.077512793,-1.9326239,1.2048575,-.0031329209,.5,.25,.23190089,-.054732639,-.63580704,.67102641,-.30909866,1,-.0145579,-.063585892,-1.8398174,-.38775632,-.38775632,-.36378688,N
1012,3.3166666,5,3.5999999,HighSub,3.75,2.9000001,4,0,1,BIG,4,-.6145795,-.11979283,.64047885,.060293835,.28927949,.25,.125,-.24554211,-.014295314,-.16606292,.064938039,-.10831268,1,-.0145579,.0097997515,.28355154,-.13587546,-.13587546,.82383806,Y
1018,3.4166667,5,3.8,HighSub,3.3125,1.8,4.3000002,0,2,BIEM,4,-.34667739,.47212499,-.14263938,.34643474,-1.3189886,.5,.25,.23190089,.011053523,.12840432,.064938039,.11253775,1,-.0145579,-.039349481,-1.1385516,.14117572,.14117572,.25131208,Y
1034,2.8166666,5,4.9000001,MidSub,2.8125,2.8,5,0,2,BIEF,1,-1.9540881,1.8532653,-1.0376316,1.9202095,.14307311,.5,.25,.23190089,-.030769767,-.35743999,-.23810615,-.32760653,1,-.0145579,-.029772263,-.8614406,-.41097397,-.41097397,.11379272,Y
989,3.1333334,5,3.5999999,NoSub,2.375,3.0999999,2.8,1,1,CLEAM,5,-1.1057322,-2.4874628,-1.8207499,.060293835,.58169156,.25,.625,1.6642299,-.0085304519,-.09909483,.16595277,-.032832928,1,-.0145579,-.057844993,-1.673708,-.041188061,-.041188061,-.10744801,N
1068,3.6500001,5,2.7,MidSub,2.5,2.5999999,3.8,0,4,MM,0,.27842668,-.51440454,-1.5970018,-1.2273397,-.1493393,1,.5,1.1867869,.031288743,.36346871,-.33912086,.18782131,1,-.0145579,-.072624661,-2.1013486,.23561701,.23561701,-.18286581,N
879,4.1833334,5,2.8,HighSub,3.75,2.4000001,3.7,0,0,DSBA,0,1.7072358,-.71171016,.64047885,-1.0842694,-.44175136,0,0,-.72298509,-.0012107564,-.014064875,-.33912086,-.095328875,1,-.0145579,-.01062564,-.30744472,-.11958762,-.11958762,.53648382,Y
725,3.45,5,3.5999999,MidSub,3.8125,2.5999999,4.4000001,0,1,AFC,0,-.25737691,.66943061,.75235283,.060293835,-.1493393,.25,.125,-.24554211,.010554597,.12260849,-.33912086,.0071761515,1,-.0145579,.0054852143,.15871304,.0090023,.0090023,.83385766,Y
778,3.5166667,5,3.0999999,HighSub,2.875,2.3,4.4000001,0,2,CLEAM,4,-.078775935,.66943061,-.92575759,-.65505826,-.58795774,.5,.25,.23190089,-.0024537421,-.028504139,.064938039,-.0051435945,1,-.0145579,-.05654829,-1.6361886,-.0064525045,-.0064525045,-.071320564,N
973,4.2333331,5,3.0999999,MidSub,4.25,1.8,3.9000001,0,0,CLEAM,36,1.8411859,-.31709847,1.5354711,-.65505826,-1.3189886,0,0,-.72298509,.034945145,.40594366,3.2974093,1.12881,1,-.0145579,.0034762437,.1005847,1.4160632,1.4160632,1.5083239,Y
771,4.1166668,5,4.1999998,NoSub,4.25,2.4000001,3.5999999,0,1,FIN,0,1.5286348,-.90901625,1.5354711,.91871619,-.44175136,.25,.125,-.24554211,.050055768,.5814777,-.33912086,.35132807,1,-.0145579,.0293386,.84889627,.44073203,.44073203,1.3948141,Y
1016,4.0500002,5,2.3,MidSub,3.875,3.8,3.9000001,0,1,CLEACC,16,1.3500338,-.31709847,.86422688,-1.7996216,1.6051348,.25,.125,-.24554211,.035763837,.41545409,1.2771147,.63086927,1,-.0145579,.02671852,.77308583,.79140925,.79140925,1.5322475,Y
1022,3.1166666,5,2.7,MidSub,3,1.3,4.0999999,0,0,BESS-CLES,0,-1.1503831,.077512793,-.70200956,-1.2273397,-2.0500195,0,0,-.72298509,-.09577024,-1.1125243,-.33912086,-.91917342,1,-.0145579,-.079200149,-2.2916064,-1.1530794,-1.1530794,-.97234291,N
906,3.5666666,5,4,NoSub,3.25,2.5,3.8,0,3,BIEM,0,.055174798,-.51440454,-.25451341,.63257563,-.29554534,.75,.375,.70934391,.033318434,.38704681,-.33912086,.20550489,1,-.0145579,-.022943413,-.66385198,.25780061,.25780061,.5469743,Y
922,3.95,5,4.5,NoSub,3.3125,2.0999999,4.4000001,0,0,BIEM,0,1.0821317,.66943061,-.14263938,1.3479277,-.88037014,0,0,-.72298509,-.01637304,-.19019902,-.33912086,-.22742948,1,-.0145579,-.024969861,-.72248602,-.28530443,-.28530443,.24610478,Y
1059,3.45,5,2.5,HighSub,3.875,3.2,3.0999999,0,0,ACME,4,-.25737691,-1.8955454,.86422688,-1.5134807,.72789794,0,0,-.72298509,-.060887121,-.70730114,.064938039,-.51424134,1,-.0145579,.01340937,.38799366,-.6451025,-.6451025,.6214456,Y
1001,3.6833334,5,4.8000002,HighSub,3.5625,1.8,4.6999998,0,1,BESS-CLES,0,.36772716,1.2613475,.30485675,1.7771393,-1.3189886,.25,.125,-.24554211,.021982897,.25536644,-.33912086,.10674462,1,-.0145579,-.016470466,-.47656122,.13390838,.13390838,.5786736,Y
971,3.4000001,5,4.0999999,HighSub,2.8125,2.2,4.6999998,0,1,CLEACC,0,-.39132765,1.2613475,-1.0376316,.77564591,-.73416376,.25,.125,-.24554211,-.035732504,-.41509011,-.33912086,-.39609781,1,-.0145579,-.052737724,-1.5259323,-.49689451,-.49689451,-.2614134,N
1011,3.3,5,4.1999998,HighSub,2.875,2.8,4.6999998,0,2,CLMG,0,-.65922976,1.2613475,-.92575759,.91871619,.14307311,.5,.25,.23190089,-.0064660818,-.075113878,-.33912086,-.14111562,1,-.0145579,-.033226006,-.96137255,-.17702591,-.17702591,.18080077,Y
862,3.3666666,5,3.9000001,MidSub,3.25,2.5999999,4.3000002,0,3,CLEAM,0,-.48062879,.47212499,-.25451341,.48950535,-.1493393,.75,.375,.70934391,.036893409,.42857587,-.33912086,.23665169,1,-.0145579,-.021368977,-.61829662,.29687345,.29687345,.58928841,Y
944,2.8666666,5,3.7,NoSub,3.5,2.2,3.9000001,0,3,BIEF,0,-1.8201374,-.31709847,.1929827,.20336446,-.73416376,.75,.375,.70934391,.0052165673,.060598753,-.33912086,-.039331153,1,-.0145579,-.020237807,-.58556694,-.049339917,-.049339917,.43254659,Y
932,4.0500002,5,3.5999999,MidSub,4.25,2.5,3.5,0,0,CLEAM,0,1.3500338,-1.1063219,1.5354711,.060293835,-.29554534,0,0,-.72298509,.010216122,.11867657,-.33912086,.0042272136,1,-.0145579,.026084881,.75475186,.005302933,.005302933,1.1300274,Y
1021,3.4000001,5,4.5999999,NoSub,2.5,4.5999999,4.6999998,1,2,BIG,6,-.39132765,1.2613475,-1.5970018,1.490998,2.7747841,.5,.75,2.1416728,.10939105,1.2707517,.26696751,1.0198057,1,-.0145579,-.0034762966,-.10058282,1.27932,1.27932,1.3393686,Y
803,3.6500001,5,4.0999999,HighSub,3.75,2,4.0999999,0,0,FIN,0,.27842668,.077512793,.64047885,.77564591,-1.0265762,0,0,-.72298509,-.022130743,-.25708392,-.33912086,-.27759317,1,-.0145579,-.0082327174,-.23820697,-.34823349,-.34823349,.45677978,Y
1003,2.9833333,5,3.9000001,NoSub,2.5,3.0999999,3.9000001,1,3,BIEF,0,-1.507585,-.31709847,-1.5970018,.48950535,.58169156,.75,.875,2.6191158,.089078531,1.0347894,-.33912086,.69131184,1,-.0145579,-.048336748,-1.3985927,.86723292,.86723292,.4843201,Y
805,3.0666666,5,2.8,HighSub,3.3125,2.9000001,3.3,0,2,DES-ESS,0,-1.2843338,-1.5009336,-.14263938,-1.0842694,.28927949,.5,.25,.23190089,-.043868668,-.50960463,-.33912086,-.46698368,1,-.0145579,-.02106503,-.60950214,-.58581901,-.58581901,.15233943,Y
813,3.25,5,3.7,HighSub,3.5,3,4.0999999,0,0,CLEAM,0,-.79318047,.077512793,.1929827,.20336446,.43548551,0,0,-.72298509,-.060831979,-.70666063,-.33912086,-.61477566,1,-.0145579,.000082744402,.0023958599,-.77122027,-.77122027,.3655878,Y
1041,3.6166666,5,4.0999999,NoSub,4.1875,2,4,0,2,IM,14,.18912554,-.11979283,1.4235971,.77564591,-1.0265762,.5,.25,.23190089,.060283698,.70029145,1.0750853,.7939899,1,-.0145579,.014907016,.43132716,.99603993,.99603993,1.4636836,Y
1067,4,5,3.3,NoSub,4.125,2.2,3.5999999,0,0,RI,0,1.2160825,-.90901625,1.311723,-.36891735,-.73416376,0,0,-.72298509,.0036827866,.042781442,-.33912086,-.052694134,1,-.0145579,.0089564314,.25915059,-.066103436,-.066103436,.84652358,Y
755,3.1833334,5,3.0999999,NoSub,3,2.3,4.4000001,0,1,IM,4,-.97178149,.66943061,-.70200956,-.65505826,-.58795774,.25,.125,-.24554211,-.049404878,-.57391655,.064938039,-.4142029,1,-.0145579,-.049936935,-1.4448931,-.51960689,-.51960689,-.23225001,N
759,4.2333331,5,4.4000001,NoSub,4.625,1,4.5999999,1,2,MM,2,1.8411859,1.0640419,2.2067153,1.2048575,-2.4886379,.5,.75,2.1416728,.27160144,3.1550844,-.13709141,2.3320403,1,-.0145579,.015542955,.44972765,2.9254847,2.9254847,2.4376061,Y
994,3.8833334,5,3.5,HighSub,4.1875,2.4000001,3.5999999,1,1,CLEF,0,.90353072,-.90901625,1.4235971,-.08277645,-.44175136,.25,.625,1.6642299,.16120917,1.8727019,-.33912086,1.3197463,1,-.0145579,.01927351,.55766898,1.6555877,1.6555877,1.8566283,Y
784,3.6666667,5,4,MidSub,3.0625,2.7,4.3000002,0,0,DES-ESS,112,.3230769,.47212499,-.59013551,.63257563,-.0031329209,0,0,-.72298509,-.050905876,-.59135306,10.974528,2.3001173,1,-.0145579,-.027780304,-.80380452,2.885438,2.885438,1.7908168,Y
800,3.8666666,5,2.4000001,MidSub,3.5625,3.2,4.1999998,0,1,AFC,12,.85887986,.27481842,.30485675,-1.6565509,.72789794,.25,.125,-.24554211,.017346311,.20150511,.87305588,.36939281,1,-.0145579,-.0040846402,-.11818488,.46339378,.46339378,.92260444,Y
985,3.2833333,5,3.0999999,NoSub,3.3125,2.5,4.1999998,0,4,BIG,1,-.70388001,.27481842,-.14263938,-.65505826,-.29554534,1,.5,1.1867869,.063958593,.7429812,-.23810615,.49770936,1,-.0145579,-.028328417,-.81966382,.6243636,.6243636,.65234989,Y
895,2.9333334,5,3.7,MidSub,2.75,3.3,2.5999999,0,0,BIEM,0,-1.6415358,-2.8820744,-1.1495057,.20336446,.87410396,0,0,-.72298509,-.16961329,-1.9703293,-.33912086,-1.5625272,1,-.0145579,-.031965166,-.92489094,-1.9601501,-1.9601501,-.6925205,N
780,3.7666667,5,4,NoSub,3.75,2.5999999,4.5999999,0,0,PPA,2,.59097838,1.0640419,.64047885,.63257563,-.1493393,0,0,-.72298509,.0016147179,.01875752,-.13709141,-.020204714,1,-.0145579,.0060420637,.17482513,-.02534629,-.02534629,.8247394,Y
871,3.2833333,5,3.7,HighSub,3,3,4.4000001,0,2,BIEF,2,-.70388001,.66943061,-.70200956,.20336446,.43548551,.5,.25,.23190089,-.010704865,-.12435411,-.13709141,-.12753844,1,-.0145579,-.026362667,-.76278603,-.15999369,-.15999369,.28861013,Y
850,4.1333332,5,2.5,MidSub,3.5,2.5999999,4.5,0,2,BIG,0,1.5732844,.86673623,.1929827,-1.5134807,-.1493393,.5,.25,.23190089,.073145248,.8496989,-.33912086,.55249393,1,-.0145579,-.021665106,-.62686497,.69308943,.69308943,.78311223,Y
802,3.6500001,5,3.2,NoSub,3.4375,2.8,4.1999998,0,0,FIN,0,.27842668,.27481842,.081108674,-.51198763,.14307311,0,0,-.72298509,-.035396282,-.41118434,-.33912086,-.39316848,1,-.0145579,-.013131225,-.37994233,-.49321973,-.49321973,.31341898,Y
810,3.0166667,5,1.8,HighSub,3,2,3.4000001,0,0,EMIT,0,-1.4182845,-1.3036275,-.70200956,-2.5149736,-1.0265762,0,0,-.72298509,-.12497978,-1.4518398,-.33912086,-1.17366,1,-.0145579,-.070110343,-2.0285985,-1.4723263,-1.4723263,-1.0004624,N
