Participant ID,original_index,income
716,0,22518.84511523634
717,1,38900.56637692299
718,2,10066.42212961333
719,3,12279.63589481696
720,4,13078.37771422347
722,5,24596.22531783561
723,6,13878.74930996251
724,7,24298.28035085462
725,8,68103.36770130036
726,9,21080.36798192325
727,10,24229.26164132099
729,11,12974.27413993545
730,12,21266.55265837653
732,13,10227.70067081447
733,14,10725.49006777982
734,15,12291.85487576321
736,16,12170.42118353059
738,17,10719.02931651224
739,18,10551.27688746243
740,19,23860.13855317665
741,20,39223.31895145902
742,21,22824.03965374014
743,22,38900.54754131273
744,23,42621.74736294561
745,24,36906.07987487585
746,25,30212.52922709263
747,26,9586.221616819732
748,27,22299.81797219851
750,28,28555.98327764875
751,29,50796.79370954497
753,30,16076.97212015483
754,31,10818.49200134209
755,32,54824.0745259608
759,33,44799.08675634102
760,34,16477.15591881575
762,35,18788.37341816409
763,36,48675.80239015947
764,37,27483.31598910343
765,38,12899.51622940994
766,39,37777.56148262119
767,40,33433.06745955405
768,41,24178.94698885114
769,42,24118.23661694297
770,43,29142.92907017133
771,44,61680.21565431209
772,45,25000.94825488067
773,46,17602.95220365298
775,47,19263.57161261888
776,48,37260.97209202901
777,49,25152.09126937739
778,50,48539.63662809592
779,51,16997.83940916699
780,52,96573.49808510278
781,53,15522.03253482006
784,54,64229.43721884835
786,55,13922.81157924397
787,56,36052.73741190306
789,57,28365.28713555755
791,58,20238.30956105997
792,59,21966.28102174978
793,60,23112.67631411781
795,61,18913.97063511316
797,62,38111.56778953558
799,63,33599.42912469733
800,64,56410.91628982881
801,65,65825.68334103336
802,66,71323.67475073553
803,67,79910.1706055037
805,68,47788.39630225618
806,69,15993.59248141252
807,70,25745.17615053353
808,71,13492.43662255813
809,72,17060.12256772961
810,73,62716.25951507495
811,74,15041.19008649825
812,75,23226.8134638349
813,76,55437.56933263619
814,77,23514.97477084368
815,78,6626.876604502399
816,79,22306.81890844651
817,80,4510.887371230412
818,81,10517.82644122328
819,82,18209.30472377372
821,83,19791.02811325905
824,84,46519.96036389485
828,85,32799.88266677069
829,86,16925.21319078255
830,87,33238.04805079817
831,88,9927.465374032574
832,89,32209.320448801
833,90,15236.88303616312
834,91,10605.64072186412
835,92,16995.70400970122
836,93,26786.30189485396
837,94,20470.6603465466
838,95,41413.02959030211
839,96,15691.69460453352
840,97,38844.91992637477
841,98,42227.75585757998
842,99,22996.59614214489
843,100,32819.02560728164
844,101,31053.66919077368
845,102,36861.79491583703
846,103,23412.34105307792
847,104,32587.03972606614
848,105,12296.03070550849
849,106,19273.0577993728
850,107,99366.40549626945
851,108,38061.73819326338
852,109,17228.19547834082
853,110,12038.65162656142
854,111,16487.70095360657
855,112,17787.28153723176
856,113,14067.23605154637
857,114,15370.17614898593
858,115,9538.413146779782
859,116,31699.92609620373
861,117,17519.99541382792
862,118,42620.93149568796
863,119,49340.51259720222
864,120,14953.30680699604
865,121,21072.46959108052
867,122,20239.79572287502
868,123,40620.38308436451
870,124,17965.36465092294
871,125,74990.17368788984
872,126,7791.419281546911
873,127,34269.95127698446
878,128,56706.1833852721
879,129,69276.44345695533
880,130,17641.93047659436
881,131,15013.38457586768
882,132,13878.9258427941
884,133,27586.40633078374
885,134,22001.44028152521
886,135,25365.99004574102
887,136,18496.18718451266
888,137,21122.00384582541
889,138,22812.66522064018
890,139,24202.83929141903
892,140,32556.43408039409
893,141,17355.40312710502
894,142,20121.12914398
895,143,51659.75664331248
896,144,18602.1910167619
897,145,23390.27705167101
898,146,7994.762019279621
899,147,31302.44472043479
900,148,5830.252130011073
902,149,19238.07156265252
903,150,35836.48364191014
904,151,10826.51338346669
906,152,56897.04650192906
908,153,32581.54032912715
909,154,20262.87165549698
910,155,39658.49262413632
911,156,39719.02561647219
912,157,19652.38777867498
913,158,10008.61925986314
914,159,62536.24121446164
915,160,9529.630560395817
918,161,7604.820941960379
919,162,8868.1009089658
920,163,41115.05131726544
921,164,27874.46302850298
922,165,46689.7655064996
924,166,11224.23063650436
925,167,20102.04657836993
926,168,37458.38871056467
927,169,29270.60818228559
928,170,34055.3067122895
929,171,37886.75850934483
930,172,8321.494161648827
932,173,47586.99373886614
933,174,22007.47364750288
934,175,8582.66099479814
935,176,20920.66851648225
936,177,17692.90113766631
938,178,8824.367498132082
939,179,35257.01783194618
942,180,8318.106165075395
944,181,44790.91933879941
946,182,14470.72220171985
947,183,12410.11121525865
948,184,30341.54027606907
949,185,24371.61370820322
950,186,29343.84308782858
953,187,16983.47879586044
954,188,18616.1087896608
955,189,19048.42250347156
956,190,11740.04045133462
957,191,9943.022055019956
958,192,8597.666096370747
959,193,25489.9139692844
960,194,23070.5444414025
961,195,11328.31821475958
962,196,15973.14670405565
963,197,19056.24855829512
964,198,9376.189413908394
965,199,22469.31736757086
966,200,38712.42348431431
968,201,25878.9878650663
969,202,58026.47626636561
971,203,44059.61046456487
973,204,61116.58708328745
975,205,17280.7735838734
976,206,26796.7213377624
977,207,42138.35344844044
979,208,32302.613660618
980,209,14596.399374652
981,210,14958.91307405903
982,211,39894.4764052661
985,212,45553.73705934226
986,213,24365.81360980301
987,214,23028.79515302139
988,215,26100.82307283513
989,216,47745.61365089149
990,217,26916.97742576712
991,218,31220.16762037151
992,219,20941.17765147342
994,220,43880.82325535709
997,221,14978.55718714643
998,222,34200.84149544248
1001,223,44012.80577696195
1002,224,19120.5930985094
1003,225,55311.28313274615
1004,226,12480.48675088641
1005,227,12142.83104374897
1006,228,13547.49289309041
1007,229,13326.10070589136
1008,230,28461.16988017676
1009,231,46343.13310237099
1010,232,30510.88686312684
1011,233,50516.84124207294
1012,234,56657.1416303155
1014,235,40979.17353353399
1016,236,56503.03156385789
1018,237,58815.89769556555
1019,238,22327.07512333917
1021,239,61092.56565573763
1022,240,127080.6934266908
1023,241,29884.18201680549
1024,242,14644.49685812157
1025,243,28383.51488558434
1026,244,15771.79897677543
1027,245,13269.01519170704
1030,246,35927.88756324744
1033,247,8221.622067131899
1034,248,47901.7969180521
1036,249,37105.49234763465
1037,250,18608.75927917933
1038,251,16525.52399410071
1040,252,12466.29484247098
1041,253,42496.94582792606
1043,254,30122.67088382853
1045,255,27398.85641479735
1046,256,16451.17939125597
1047,257,13103.3504419102
1048,258,8468.0123098675
1049,259,9243.346685297947
1050,260,14085.25639566434
1051,261,16065.52531772621
1052,262,18828.30054575469
1053,263,51028.5024991156
1054,264,34173.13478658507
1055,265,22805.3578440192
1056,266,10914.1843244181
1057,267,38294.31022940984
1058,268,24062.34955059433
1059,269,56652.72731632125
1060,270,21274.14289884325
1061,271,18233.86801502286
1062,272,15685.53943199264
1063,273,73844.07475090938
1064,274,24568.04933913797
1065,275,18198.72046636823
1067,276,50716.23823344134
1068,277,48361.86144724767
1069,278,18724.2101077865
1073,279,19587.6010983704
