participantid,assignedallowancelevel,income,income_high,income_high_cat,weighted_disclosure_categorical,weighted_disclosure_cont,anchored_prosocial_behavior,fs_deterministic_categorical,fs_deterministic_cont,disclose_categorical,disclose_cont
716,3,22518.845115236341,0,0,-0.04266483336687088,-0.042024169117212296,-0.73742574453353882,-0.75198054313659668,-0.72324460744857788,0,0
717,4,38900.566376922987,1,1,0.03030882216989994,0.028168551623821259,2.4378468990325928,2.2343485355377197,2.1809239387512207,1,1
718,1,10066.422129613329,0,0,0.018514528870582581,0.018884247168898582,0.0023896712809801102,0.46971869468688965,0.46993839740753174,1,1
719,1,12279.63589481696,0,0,0.016440663486719131,0.015687255188822746,0.085097894072532654,0.42830538749694824,0.40731000900268555,1,1
720,1,13078.37771422347,0,0,0.014630256220698357,0.013471514917910099,0.032148417085409164,0.39215311408042908,0.36390411853790283,1,1
722,3,24596.225317835611,1,0,0.062704063951969147,0.062290530651807785,-0.25049719214439392,1.3521456718444824,1.1631371974945068,1,1
723,1,13878.74930996251,0,0,0.01647842675447464,0.014913526363670826,1.2347379922866821,0.4290594756603241,0.3921528160572052,1,1
724,3,24298.28035085462,1,0,0.074322149157524109,0.074059814214706421,0.16043853759765625,1.5841488838195801,1.6514492034912109,1,1
725,5,68103.367701300362,1,1,-0.0043887156061828136,-0.010037153027951717,0.007176106795668602,0.016861723735928535,-0.092124588787555695,1,0
726,3,21080.367981923249,0,0,-0.060531120747327805,-0.059160482138395309,-1.2426657676696777,-1.1087548732757568,-1.0589413642883301,0,0
727,3,24229.261641320991,1,0,0.016591256484389305,0.016363942995667458,-0.64455026388168335,0.43131259083747864,0.016280330717563629,1,1
729,1,12974.274139935451,0,0,0.011101292446255684,0.0099953804165124893,-0.06800512969493866,0.32168275117874146,0.29580739140510559,1,1
730,3,21266.552658376531,0,0,0.012349843978881836,0.013625999912619591,0.16373234987258911,0.34661522507667542,0.36693045496940613,1,1
732,1,10227.700670814471,0,0,0.0064610694535076618,0.0067489445209503174,-0.87476754188537598,0.22902148962020874,0.23221039772033691,1,1
733,1,10725.49006777982,0,0,0.040733121335506439,0.040768388658761978,-0.79682803153991699,0.91340488195419312,0.89864414930343628,1,1
734,1,12291.854875763211,0,0,0.036040004342794418,0.035280395299196243,0.77172553539276123,0.8196873664855957,0.79113554954528809,1,1
736,1,12170.42118353059,0,0,0.0057588969357311726,0.0050609111785888672,-0.27430126070976257,0.21499969065189362,0.19914218783378601,1,1
738,1,10719.02931651224,0,0,0.042514212429523468,0.042552758008241653,0.060645334422588348,0.94897174835205078,0.93359959125518799,1,1
739,1,10551.276887462431,0,0,0.050393655896186829,0.050517328083515167,0.10558637976646423,1.106317400932312,1.0896238088607788,1,1
740,3,23860.13855317665,1,0,-0.021324872970581055,-0.021364867687225342,0.11796807497739792,-0.32583990693092346,-0.24453927576541901,0,0
741,4,39223.318951459019,1,1,-0.0076115312986075878,-0.009915587492287159,0.15546968579292297,0.045520104467868805,0.0032720938324928284,1,1
742,3,22824.039653740139,0,0,0.0075174658559262753,0.0080032534897327423,-0.8163793683052063,0.25011679530143738,0.25678205490112305,1,1
743,4,38900.547541312728,1,1,-0.0060778819024562836,-0.0082181422039866447,-0.3261188268661499,-0.22592443227767944,-0.26554551720619202,0,0
744,5,42621.747362945607,1,1,-0.057418357580900192,-0.050135791301727295,-0.055109143257141113,-1.0811622142791748,-0.91671609878540039,0,0
745,4,36906.079874875853,1,1,0.0086105279624462128,0.0074823875911533833,0.30736187100410461,0.46473309397697449,0.43936717510223389,1,1
746,4,30212.529227092629,1,1,-0.0025954456068575382,-0.00032685030600987375,-0.40132349729537964,-0.20355433225631714,-0.15812791883945465,0,0
747,1,9586.2216168197319,0,0,0.028337022289633751,0.028950423002243042,-0.053573332726955414,0.66586548089981079,0.6671326756477356,1,1
748,3,22299.817972198511,0,0,0.0090278517454862595,0.0097796618938446045,-0.88587117195129395,0.28027790784835815,0.29158151149749756,1,1
750,4,28555.983277648749,1,1,0.034480132162570953,0.037589363753795624,-0.040603213012218475,0.76307022571563721,0.81089985370635986,1,1
751,5,50796.793709544967,1,1,-0.023281658068299294,-0.020147634670138359,0.45137286186218262,-0.081797383725643158,-0.011570088565349579,0,0
753,2,16076.972120154829,0,0,0.0084726037457585335,0.0091577842831611633,-0.40011227130889893,0.26919007301330566,0.27939906716346741,1,1
754,1,10818.492001342091,0,0,0.05729718878865242,0.057285260409116745,0.92896467447280884,1.2441750764846802,1.2222062349319458,1,1
755,5,54824.074525960801,1,1,-0.040674805641174316,-0.039584480226039886,-0.4142029881477356,-0.97204494476318359,-0.93525511026382446,0,0
759,5,44799.086756341021,1,1,-0.013467044569551945,-0.0072894012555480003,2.3320407867431641,1.2938168048858643,1.4199447631835938,1,1
760,2,16477.155918815752,0,0,0.018861599266529083,0.019343702122569084,-0.17044180631637573,0.47664937376976013,0.47893902659416199,1,1
762,2,18788.37341816409,0,0,0.010861304588615894,0.010170546360313892,-0.37171882390975952,0.31689038872718811,0.29923886060714722,1,1
763,5,48675.802390159472,1,1,-0.025712661445140839,-0.021502310410141945,-0.16402904689311981,-0.51634538173675537,-0.42411082983016968,0,0
764,3,27483.31598910343,1,0,0.0029630432836711407,0.0010844158241525292,-0.2354474663734436,0.15916889905929565,-0.026437921449542046,1,0
765,1,12899.516229409939,0,0,0.0029058156069368124,0.0018378403037786484,0.64602828025817871,0.15802611410617828,0.13600289821624756,1,1
766,4,37777.561482621189,1,1,-0.038096588104963303,-0.039666973054409027,-0.62972944974899292,-1.05574631690979,-1.0720573663711548,0,0
767,4,33433.067459554048,1,1,0.0075533543713390827,0.0081876432523131371,-0.35150882601737976,0.030354075133800507,0.039914824068546295,1,1
768,3,24178.946988851141,1,0,-0.020449582487344742,-0.020651362836360931,0.13281527161598206,-0.30836111307144165,-0.22124916315078735,0,0
769,3,24118.23661694297,1,0,0.016272194683551788,0.016101224347949028,-0.039297517389059067,0.42494121193885803,0.39077073335647583,1,1
770,4,29142.929070171329,1,1,0.031999889761209488,0.034811269491910934,0.16780078411102295,0.84426063299179077,0.88719630241394043,1,1
771,5,61680.215654312087,1,1,0.0091606313362717628,0.0067717107012867928,0.35132807493209839,0.5032954216003418,0.45302239060401917,1,1
772,3,25000.94825488067,1,0,-0.01173261646181345,-0.012351531535387039,-0.47280001640319824,-0.13429078459739685,-0.4385216236114502,0,0
773,2,17602.952203652982,0,0,-0.0015230055432766676,-0.0016122048255056143,1.3079302310943604,0.069586366415023804,0.068417251110076904,1,1
775,2,19263.571612618882,0,0,0.017208611592650414,0.016276707872748375,-0.24299132823944092,0.44364064931869507,0.41885727643966675,1,1
776,4,37260.972092029013,1,1,-0.022765830159187317,-0.024074064567685127,-0.36868959665298462,-0.58587038516998291,-0.60286164283752441,0,0
777,3,25152.09126937739,1,0,0.00049427541671320796,-0.00020133958605583757,0.10581402480602264,0.10986973345279694,0.16242629289627075,1,1
778,5,48539.636628095919,1,1,-0.044342145323753357,-0.040062695741653442,-0.005143607035279274,-0.78870129585266113,-0.68804603815078735,0,0
779,2,16997.839409166991,0,0,-0.032150663435459137,-0.031932786107063293,-1.4263901710510254,-0.54202157258987427,-0.52555650472640991,0,0
780,5,96573.498085102779,1,1,-0.0023598626721650362,-0.022455865517258644,-0.020204665139317513,0.040201932191848755,-0.3525787889957428,1,0
781,2,15522.03253482006,0,0,-0.0015344806015491486,-0.0005676884320564568,0.086208663880825043,0.069357216358184814,0.088879108428955078,1,1
784,5,64229.437218848347,1,1,-0.019990177825093269,-0.023672737181186676,2.3001172542572021,1.1435317993164062,1.0789750814437866,1,1
786,1,13922.811579243969,0,0,-0.032350588589906693,-0.033937849104404449,-1.3909764289855957,-0.54601395130157471,-0.56483525037765503,0,0
787,4,36052.737411903057,1,1,-0.0010923093650490046,-0.0017874090699478984,-0.43431064486503601,-0.19422875344753265,-0.20743072032928467,0,0
789,4,28365.287135557552,1,1,-0.012955128215253353,-0.0097491247579455376,-0.66238349676132202,-0.57417482137680054,-0.50645482540130615,0,0
791,2,20238.30956105997,0,0,0.013811973854899406,0.012385426089167595,1.9216963052749634,0.37581270933151245,0.3426278829574585,1,1
792,3,21966.281021749779,0,0,-0.042268730700016022,-0.04134766012430191,-0.61184442043304443,-0.74407070875167847,-0.7099919319152832,0,0
793,3,23112.676314117809,1,0,0.023392660543322563,0.023731974884867668,0.30124193429946899,0.56713080406188965,0.75385451316833496,1,1
795,2,18913.970635113161,0,0,0.034292969852685928,0.033538475632667542,-1.1053893566131592,0.78480058908462524,0.75701171159744263,1,1
797,4,38111.567789535577,1,1,0.0060734832659363747,0.0043336013332009315,0.078299224376678467,0.27039390802383423,0.23400652408599854,1,1
799,4,33599.42912469733,1,1,0.0049576852470636368,0.0055075506679713726,0.39051499962806702,0.44394570589065552,0.4528372585773468,1,1
800,5,56410.916289828812,1,1,-0.0080705564469099045,-0.0077854981645941734,0.36939293146133423,0.17053437232971191,0.17918071150779724,1,1
801,5,65825.683341033364,1,1,-0.00035275827394798398,-0.0048453528434038162,0.20539316534996033,0.22178542613983154,0.13391077518463135,1,1
802,5,71323.674750735532,1,1,-0.014173127710819244,-0.021455757319927216,-0.39316847920417786,-0.42963555455207825,-0.56692361831665039,0,0
803,5,79910.170605503707,1,1,-0.016634644940495491,-0.028274610638618469,-0.27759319543838501,-0.40629684925079346,-0.62801045179367065,0,0
805,5,47788.39630225618,1,1,-0.019162924960255623,-0.014502248726785183,-0.46698364615440369,-0.57557713985443115,-0.4770054817199707,0,0
806,2,15993.592481412519,0,0,-0.022399788722395897,-0.021672295406460762,-0.67734551429748535,-0.34730502963066101,-0.32455569505691528,0,0
807,3,25745.176150533531,1,0,-0.015057634562253952,-0.016054218634963036,-0.847930908203125,-0.20068854093551636,-0.74635249376296997,0,0
808,1,13492.436622558131,0,0,0.0089180469512939453,0.0075491857714951038,-0.029920643195509911,0.27808520197868347,0.24788695573806763,1,1
809,2,17060.12256772961,0,0,-0.015324336476624012,-0.015138069167733192,-0.75070333480834961,-0.20601433515548706,-0.19655159115791321,0,0
810,5,62716.259515074948,1,1,-0.060848213732242584,-0.063762888312339783,-1.1736600399017334,-1.851250171661377,-1.8852646350860596,0,0
811,2,15041.190086498251,0,0,-0.023117661476135254,-0.021906858310103416,-1.4875729084014893,-0.3616403341293335,-0.3291507363319397,0,0
812,3,23226.8134638349,1,0,0.004834477324038744,0.0051158713176846504,0.0919608473777771,0.19653981924057007,0.25790008902549744,1,1
813,5,55437.569332636187,1,1,-0.0024311642628163099,-0.001652166829444468,-0.61477565765380859,-0.33415892720222473,-0.3179757297039032,0,0
814,3,23514.974770843681,1,0,-0.0019364131148904562,-0.0018012507352977991,-1.0996667146682739,0.061330970376729965,-0.62503790855407715,1,0
815,1,6626.8766045023985,0,0,0.037647981196641922,0.03976314514875412,0.78312599658966064,0.85179728269577026,0.87895166873931885,1,1
816,3,22306.818908446508,0,0,0.056447096168994904,0.057195354253053665,1.676551342010498,1.2271994352340698,1.220444917678833,1,1
817,1,4510.8873712304121,0,0,0.026281878352165222,0.029470831155776978,0.597858726978302,0.62482601404190063,0.67732739448547363,1,1
818,1,10517.82644122328,0,0,0.024455457925796509,0.024596104398369789,-0.034607049077749252,0.58835393190383911,0.58183252811431885,1,1
819,2,18209.304723773719,0,0,-0.002623990410938859,-0.0030208916869014502,0.16387669742107391,0.047600645571947098,0.040821369737386703,1,1
821,2,19791.02811325905,0,0,0.0079613868147134781,0.0067618181928992271,-0.11553178727626801,0.25898152589797974,0.23246258497238159,1,1
824,5,46519.960363894847,1,1,-0.034512721002101898,-0.029208360239863396,-0.053200192749500275,-0.62255901098251343,-0.50555479526519775,0,0
828,4,32799.882666770689,1,1,0.013805781491100788,0.014761387370526791,-0.073815107345581055,0.32938948273658752,0.34287288784980774,1,1
829,2,16925.21319078255,0,0,0.036510955542325974,0.036765683442354202,-0.32495322823524475,0.82909184694290161,0.82023203372955322,1,1
830,4,33238.04805079817,1,1,0.022001257166266441,0.022734509781002998,1.0096098184585571,1.1726104021072388,1.1786290407180786,1,1
831,1,9927.4653740325739,0,0,-0.053501103073358536,-0.053060870617628098,-1.642424464225769,-0.96837151050567627,-0.93945121765136719,0,0
832,4,32209.320448801001,1,1,0.0091583076864480972,0.010413603857159615,-0.41723847389221191,0.02117554098367691,0.042292855679988861,1,1
833,2,15236.883036163121,0,0,0.012646937742829323,0.013758433982729912,-0.98019659519195557,0.35254794359207153,0.36952480673789978,1,1
834,1,10605.64072186412,0,0,-0.057777252048254013,-0.057681169360876083,-1.6801676750183105,-1.0537625551223755,-1.0299619436264038,0,0
835,2,16995.704009701221,0,0,0.03303879126906395,0.033257748931646347,-0.40986752510070801,0.75975573062896729,0.75151228904724121,1,1
836,3,26786.301894853961,1,0,0.0023919988889247179,0.00086708087474107742,0.37541049718856812,0.1477656364440918,0.35245734453201294,1,1
837,3,20470.6603465466,0,0,0.0078667234629392624,0.0095467660576105118,-0.06500745564699173,0.25709116458892822,0.28701913356781006,1,1
838,4,41413.029590302111,1,1,0.047196488827466965,0.043781235814094543,0.07258133590221405,1.0879985094070435,1.0031908750534058,1,1
839,2,15691.694604533521,0,0,-0.027693832293152809,-0.026813136413693428,-1.5418545007705688,-0.45302256941795349,-0.4252636730670929,0,0
840,4,38844.919926374772,1,1,-0.013695064000785351,-0.015807095915079117,-0.50583559274673462,-0.49075803160667419,-0.52693653106689453,0,0
841,5,42227.755857579978,1,1,-0.00036000736872665584,0.007122493814677,0.61193972826004028,0.47664177417755127,0.62335950136184692,1,1
842,3,22996.596142144888,0,0,-0.0043674176558852196,-0.0039691966958343983,-0.50161302089691162,0.012785904109477997,0.022244274616241455,1,1
843,4,32819.025607281641,1,1,-0.014209304936230183,-0.01326341275125742,0.14560714364051819,-0.092417910695075989,-0.068497255444526672,0,0
844,4,31053.669190773679,1,1,-0.010546187870204449,-0.0087044406682252884,0.25434780120849609,0.048937566578388214,0.089018233120441437,1,1
845,4,36861.794915837032,1,1,-0.010519899427890778,-0.011625566519796848,-1.0437425374984741,-0.76474791765213013,-0.78241646289825439,0,0
846,3,23412.341053077918,1,0,-0.010258793830871582,-0.010071548633277416,0.26467111706733704,-0.10485980659723282,0.068712048232555389,0,1
847,4,32587.039726066141,1,1,-0.010091774165630341,-0.0090281572192907333,0.44188413023948669,0.17564156651496887,0.20030644536018372,1,1
848,1,12296.03070550849,0,0,-0.0050186370499432087,-0.0057803653180599213,-1.205312967300415,-0.00021839141845703125,-0.013236135244369507,0,0
849,2,19273.0577993728,0,0,-0.0061034001410007477,-0.0070401178672909737,-0.69578802585601807,-0.021880172193050385,-0.037914417684078217,0,0
850,5,99366.40549626945,1,1,-0.024179011583328247,-0.045692313462495804,0.55249404907226562,-0.036289803683757782,-0.44855803251266479,0,0
851,4,38061.73819326338,1,1,-0.049481727182865143,-0.051196321845054626,-0.52416020631790161,-1.2168807983398438,-1.2316979169845581,0,0
852,2,17228.195478340818,0,0,-0.035870581865310669,-0.03576960414648056,-0.83100640773773193,-0.61630517244338989,-0.60071897506713867,0,0
853,1,12038.651626561419,0,0,-0.028626443818211555,-0.029257562011480331,-0.42581838369369507,-0.47164598107337952,-0.47314944863319397,0,0
854,2,16487.700953606571,0,0,0.018801771104335785,0.019278522580862045,0.34201240539550781,0.4754546582698822,0.47766217589378357,1,1
855,2,17787.28153723176,0,0,-0.013257719576358795,-0.013440459035336971,0.20909297466278076,-0.16474577784538269,-0.16329577565193176,0,0
856,1,14067.23605154637,0,0,0.018766513094305992,0.017105961218476295,0.63837707042694092,0.4747505784034729,0.43510216474533081,1,1
857,2,15370.176148985929,0,0,0.073544226586818695,0.074588082730770111,0.26187282800674438,1.5686144828796387,1.5611648559570312,1,1
858,1,9538.4131467797815,0,0,-0.0050521758385002613,-0.0044145127758383751,-0.4482734203338623,-0.00088813155889511108,0.013520628213882446,0,1
859,4,31699.92609620373,1,1,-0.017193512991070747,-0.015679718926548958,0.37292081117630005,-0.0094304010272026062,0.026747412979602814,0,1
861,2,17519.995413827921,0,0,0.02713562548160553,0.027088524773716927,-0.15103590488433838,0.64187461137771606,0.63065850734710693,1,1
862,5,42620.931495687961,1,1,-0.017994863912463188,-0.010711885988712311,0.23665168881416321,-0.11090575903654099,0.03859313577413559,0,1
863,5,49340.512597202222,1,1,-0.024183237925171852,-0.020310204476118088,-0.88570874929428101,-0.93846839666366577,-0.85342204570770264,0,0
864,2,14953.306806996041,0,0,-0.044478170573711395,-0.043222770094871521,-1.4037575721740723,-0.78819131851196289,-0.74672490358352661,0,0
865,3,21072.46959108052,0,0,0.031272102147340775,0.032646745443344116,0.53094655275344849,0.72447645664215088,0.73954290151596069,1,1
867,2,20239.79572287502,0,0,-0.012201746925711632,-0.013629049062728882,-0.35008153319358826,-0.14365890622138977,-0.16699019074440002,0,0
868,4,40620.383084364512,1,1,-0.012658131308853626,-0.015671147033572197,0.128557950258255,-0.072136186063289642,-0.12635815143585205,0,0
870,2,17965.36465092294,0,0,-0.0042392155155539513,-0.0045123263262212276,-0.096096374094486237,0.015345990657806396,0.011604480445384979,1,1
871,5,74990.173687889837,1,1,-0.017100535333156586,-0.026243777945637703,-0.12753844261169434,-0.32148033380508423,-0.4941069483757019,0,0
872,1,7791.4192815469114,0,0,-0.023246286436915398,-0.021722085773944855,-0.74103683233261108,-0.3642088770866394,-0.32553109526634216,0,0
873,4,34269.951276984459,1,1,0.034349001944065094,0.034558601677417755,0.2074655145406723,0.91604959964752197,0.90712577104568481,1,1
878,5,56706.183385272103,1,1,-0.034077029675245285,-0.033941809087991714,-0.40807157754898071,-0.83644711971282959,-0.82087051868438721,0,0
879,5,69276.443456955327,1,1,-0.019027572125196457,-0.025271303951740265,-0.095328912138938904,-0.33975860476493835,-0.454853355884552,0,0
880,2,17641.93047659436,0,0,-0.0071581723168492317,-0.0072671514935791492,0.51018404960632324,-0.042943067848682404,-0.042361967265605927,0,0
881,2,15013.38457586768,0,0,-0.002439082833006978,-0.0012141700135543942,0.61261963844299316,0.051293089985847473,0.07621467113494873,1,1
882,1,13878.9258427941,0,0,0.036285057663917542,0.03472006693482399,-0.39551463723182678,0.82458090782165527,0.78015881776809692,1,1
884,3,27586.406330783739,1,0,0.014112213626503944,0.01218127179890871,0.41853860020637512,0.38180822134017944,0.60115152597427368,1,1
885,3,22001.440281525211,0,0,-0.00073783786501735449,0.00016538874479010701,0.29830235242843628,0.085265487432479858,0.10323993116617203,1,1
886,3,25365.990045741019,1,0,0.015363367274403572,0.014559206552803516,-0.02327297255396843,0.40679270029067993,0.37061411142349243,1,1
887,2,18496.187184512659,0,0,0.045709826052188873,0.045167341828346252,3.0009424686431885,1.0127853155136108,0.98481869697570801,1,1
888,3,21122.003845825409,0,0,0.011353699490427971,0.012703209184110165,0.12493941187858582,0.32672309875488281,0.34885320067405701,1,1
889,3,22812.665220640181,0,0,0.064511440694332123,0.065003000199794769,0.39981779456138611,1.388237476348877,1.3733950853347778,1,1
890,3,24202.83929141903,1,0,-0.00910220667719841,-0.0093161100521683693,-0.10930674523115158,-0.081763766705989838,-0.15106187760829926,0,0
892,4,32556.43408039409,1,1,0.0043896646238863468,0.0054688127711415291,-0.081811890006065369,0.13634184002876282,0.1558174341917038,1,1
893,2,17355.403127105019,0,0,0.019988873973488808,0.02002529613673687,0.13536086678504944,0.49916008114814758,0.49229133129119873,1,1
894,2,20121.129143980001,0,0,0.019346527755260468,0.017979443073272705,1.2514697313308716,0.48633298277854919,0.45221349596977234,1,1
895,5,51659.756643312481,1,1,-0.016815014183521271,-0.014118913561105728,-1.562527060508728,-1.2158569097518921,-1.1566615104675293,0,0
896,2,18602.191016761899,0,0,0.024836067110300064,0.024239791557192802,-0.4264245331287384,0.59595435857772827,0.57485240697860718,1,1
897,3,23390.277051671012,1,0,0.025711258873343468,0.025909701362252235,0.84236514568328857,0.61343121528625488,1.1359282732009888,1,1
898,1,7994.7620192796212,0,0,-0.016494119539856911,-0.015073108486831188,-0.47602546215057373,-0.22937390208244324,-0.19527903199195862,0,0
899,4,31302.444720434789,1,1,-0.00494758365675807,-0.0032320809550583363,-0.55136787891387939,-0.34463790059089661,-0.30915418267250061,0,0
900,1,5830.2521300110729,0,0,0.011646047234535217,0.014165469445288181,-0.59566390514373779,0.33256101608276367,0.37749853730201721,1,1
902,2,19238.07156265252,0,0,0.0035876459442079067,0.0026686822529882193,-0.12707127630710602,0.17164167761802673,0.15227892994880676,1,1
903,4,35836.483641910141,1,1,0.024341920390725136,0.023756561800837517,1.2802670001983643,1.3891177177429199,1.3684170246124268,1,1
904,1,10826.51338346669,0,0,-0.012691421434283257,-0.012707422487437725,-0.7744908332824707,-0.1534372866153717,-0.14893573522567749,0,0
906,5,56897.046501929057,1,1,-0.019569301977753639,-0.019530937075614929,0.20550495386123657,-0.16188231110572815,-0.15370658040046692,0,0
908,4,32581.54032912715,1,1,-0.010565227828919888,-0.0094988206401467323,-0.24070936441421509,-0.26196089386940002,-0.23706173896789551,0,0
909,2,20262.87165549698,0,0,0.022262459620833397,0.020823447033762932,0.1609559953212738,0.54456162452697754,0.50792694091796875,1,1
910,4,39658.492624136321,1,1,0.0018716596532613039,-0.00065323058515787125,-0.72025644779205322,-0.31439667940139771,-0.36456823348999023,0,0
911,4,39719.025616472187,1,1,-0.0085886372253298759,-0.011144245974719524,-0.57079696655273438,-0.42953327298164368,-0.47633847594261169,0,0
912,2,19652.38777867498,0,0,0.0086269965395331383,0.0074977823533117771,-0.19421762228012085,0.27227318286895752,0.24687996506690979,1,1
913,1,10008.619259863141,0,0,0.0030224460642784834,0.0034214965999126434,1.4285404682159424,0.16035512089729309,0.16702640056610107,1,1
914,5,62536.241214461639,1,1,-0.0090929893776774406,-0.011916312389075756,0.82991695404052734,0.4389750063419342,0.38711667060852051,1,1
915,1,9529.6305603958172,0,0,0.01660955511033535,0.017251675948500633,0.94574785232543945,0.43167799711227417,0.43795669078826904,1,1
918,1,7604.8209419603791,0,0,0.048597745597362518,0.050216637551784515,0.52510714530944824,1.0704545974731445,1.0837333202362061,1,1
919,1,8868.1009089658,0,0,0.035829123109579086,0.036806948482990265,-0.58378481864929199,0.81547623872756958,0.82104039192199707,1,1
920,4,41115.051317265439,1,1,-0.020409466698765755,-0.023673508316278458,1.1086432933807373,0.38782221078872681,0.33162319660186768,1,1
921,3,27874.463028502982,1,0,0.021266218274831772,0.019189096987247467,0.10869693011045456,0.52466756105422974,0.54408913850784302,1,1
922,5,46689.7655064996,1,1,-0.02306775376200676,-0.01784956082701683,-0.22742952406406403,-0.50329595804214478,-0.39232137799263,0,0
924,1,11224.230636504361,0,0,-0.01440846361219883,-0.014626291580498219,-0.32696971297264099,-0.18772515654563904,-0.18652597069740295,0,0
925,2,20102.046578369929,0,0,-0.0087368357926607132,-0.010094234719872475,-0.17827543616294861,-0.074467621743679047,-0.097743920981884003,0,0
926,4,37458.388710564672,1,1,-0.011326911859214306,-0.012735328637063503,-0.56907659769058228,-0.4831351637840271,-0.50642836093902588,0,0
927,4,29270.608182285589,1,1,-0.01867036335170269,-0.015923777595162392,1.4636178016662598,0.64520382881164551,0.70609200000762939,1,1
928,4,34055.306712289501,1,1,-0.0045792837627232075,-0.0042607593350112438,-0.050159052014350891,-0.022906497120857239,-0.014928996562957764,0,0
929,4,37886.758509344829,1,1,-0.027041980996727943,-0.028667779639363289,-0.51847779750823975,-0.76521414518356323,-0.78680425882339478,0,0
930,1,8321.4941616488268,0,0,0.044963940978050232,0.046219147741794586,0.4125579297542572,0.99789071083068848,1.0054233074188232,1,1
932,5,47586.993738866142,1,1,0.0059069148264825344,0.010669796727597713,0.0042271297425031662,0.22060689330101013,0.31167048215866089,1,1
933,3,22007.47364750288,0,0,-0.022865772247314453,-0.02196560800075531,-0.57967305183410645,-0.35661032795906067,-0.33030164241790771,0,0
934,1,8582.6609947981397,0,0,0.0079379165545105934,0.0090605905279517174,-0.30146297812461853,0.25851285457611084,0.27749505639076233,1,1
935,3,20920.668516482248,0,0,0.033541463315486908,0.034993141889572144,-0.77773106098175049,0.76979368925094604,0.78550827503204346,1,1
936,2,17692.901137666311,0,0,-0.023015843704342842,-0.023150689899921417,1.5398932695388794,-0.35960713028907776,-0.35351714491844177,0,0
938,1,8824.3674981320819,0,0,-0.015302792191505432,-0.014302776195108891,0.42651209235191345,-0.20558413863182068,-0.18018838763237,0,0
939,4,35257.017831946177,1,1,0.025694888085126877,0.025403587147593498,1.9218250513076782,1.8185442686080933,1.8030909299850464,1,1
942,1,8318.1061650753945,0,0,-0.023539057001471519,-0.022282132878899574,-0.93835157155990601,-0.37005525827407837,-0.33650228381156921,0,0
944,5,44790.919338799409,1,1,-0.022751716896891594,-0.016569929197430611,-0.03933112695813179,-0.37900269031524658,-0.24927134811878204,0,0
946,2,14470.722201719849,0,0,-0.0039727329276502132,-0.0024724388495087624,-0.65326499938964844,0.020667418837547302,0.051565445959568024,1,1
947,1,12410.11121525865,0,0,-0.002635985380038619,-0.0034556053578853607,-0.053901173174381256,0.047361116856336594,0.032305419445037842,1,1
948,4,30341.54027606907,1,1,-0.0039514391683042049,-0.0017483122646808624,1.1212350130081177,0.72437286376953125,0.76903116703033447,1,1
949,3,24371.613708203218,1,0,0.037539340555667877,0.037239789962768555,0.27632242441177368,0.84962785243988037,1.0028393268585205,1,1
950,4,29343.84308782858,1,1,-0.0011113488581031561,0.0015980731695890427,0.077146425843238831,0.12619589269161224,0.17969502508640289,1,1
953,2,16983.478795860439,0,0,0.019422370940446854,0.01964753121137619,0.2442651093006134,0.48784750699996948,0.48489099740982056,1,1
954,2,18616.108789660801,0,0,0.022179368883371353,0.021576028317213058,1.7020339965820312,0.54290241003036499,0.52266985177993774,1,1
955,2,19048.42250347156,0,0,0.023945961147546768,0.023123238235712051,0.033478628844022751,0.57817971706390381,0.55297935009002686,1,1
956,1,11740.04045133462,0,0,0.041142206639051437,0.040662623941898346,0.28508058190345764,0.92157399654388428,0.89657223224639893,1,1
957,1,9943.0220550199556,0,0,0.038530837744474411,0.038963176310062408,1.6443665027618408,0.86942720413208008,0.86328041553497314,1,1
958,1,8597.6660963707473,0,0,0.016854289919137955,0.017969349399209023,0.37553286552429199,0.43656513094902039,0.45201575756072998,1,1
959,3,25489.9139692844,1,0,-0.010567579418420792,-0.011434627696871758,0.8651997447013855,-0.11102599650621414,0.41868343949317932,0,1
960,3,23070.544441402501,0,0,0.0083592170849442482,0.0087199117988348007,1.9308401346206665,0.26692584156990051,0.27082124352455139,1,1
961,1,11328.31821475958,0,0,0.0066372109577059746,0.0063665620982646942,0.24801740050315857,0.23253887891769409,0.22471961379051208,1,1
962,2,15973.146704055651,0,0,0.021337617188692093,0.022075485438108444,-0.24770073592662811,0.52609336376190186,0.53245413303375244,1,1
963,2,19056.248558295119,0,0,-0.02977103553712368,-0.030597729608416557,-0.92064023017883301,-0.49450251460075378,-0.49940308928489685,0,0
964,1,9376.1894139083943,0,0,0.024767268449068069,0.025487255305051804,-0.43662852048873901,0.59458053112030029,0.59928995370864868,1,1
965,3,22469.31736757086,0,0,-0.017233630642294884,-0.016567833721637726,-0.91756165027618408,-0.24414131045341492,-0.22456037998199463,0,0
966,4,38712.423484314313,1,1,-0.018963133916258812,-0.021007928997278214,1.7117612361907959,0.79500216245651245,0.76213926076889038,1,1
968,3,25878.987865066301,1,0,-0.04290805384516716,-0.043972540646791458,-1.9276974201202393,-0.75683742761611938,-1.9705361127853394,0,0
969,5,58026.476266365607,1,1,-0.012291420251131058,-0.012826199643313885,-0.60178244113922119,-0.52290993928909302,-0.52872282266616821,0,0
971,5,44059.610464564867,1,1,-0.039059579372406006,-0.032506678253412247,-0.3960978090763092,-0.92843401432037354,-0.78524625301361084,0,0
973,5,61116.58708328745,1,1,-0.016701724380254745,-0.018804622814059258,1.1288101673126221,0.47451204061508179,0.43965306878089905,1,1
975,2,17280.773583873401,0,0,0.014164574444293976,0.014238868840038776,-0.68509155511856079,0.38285383582115173,0.37893643975257874,1,1
976,3,26796.721337762399,1,0,-0.0067165298387408257,-0.0082467356696724892,1.3009883165359497,-0.034123845398426056,0.75447636842727661,0,1
977,5,42138.353448440437,1,1,0.0085373250767588615,0.016065195202827454,0.97418934106826782,0.8815302848815918,1.0257614850997925,1,1
979,4,32302.613660618001,1,1,-0.0092237330973148346,-0.0080157807096838951,-0.36418578028678894,-0.31262138485908508,-0.28545829653739929,0,0
980,2,14596.399374651999,0,0,0.0081378454342484474,0.0095743630081415176,-0.96196413040161133,0.26250526309013367,0.28755974769592285,1,1
981,2,14958.91307405903,0,0,0.0038689435459673405,0.0051214988343417645,0.92798864841461182,0.17725895345211029,0.20032908022403717,1,1
982,4,39894.476405266098,1,1,0.0026127966120839119,-3.1847277568886057e-05,0.46324774622917175,0.44274094700813293,0.38994228839874268,1,1
985,5,45553.73705934226,1,1,-0.02642630971968174,-0.020631624385714531,0.49770939350128174,-0.11552941054105759,0.0080126300454139709,0,1
986,3,24365.813609803012,1,0,-0.0015010382048785686,-0.0017976457020267844,-0.16909272968769073,0.070025034248828888,-0.041276734322309494,1,0
987,3,23028.79515302139,0,0,-0.0030827259179204702,-0.0027008447796106339,1.3706910610198975,0.038440089672803879,0.047091022133827209,1,1
988,3,26100.82307283513,1,0,-0.0025684840511530638,-0.0037455463316291571,-1.2629520893096924,0.04870905727148056,-0.76554495096206665,1,0
989,5,47745.613650891493,1,1,-0.033862810581922531,-0.029180422425270081,-0.03283296525478363,-0.59680575132369995,-0.49223241209983826,0,0
990,3,26916.97742576712,1,0,-0.020356219261884689,-0.021947449073195457,-0.44123923778533936,-0.30649670958518982,-0.60670751333236694,0,0
991,4,31220.167620371511,1,1,-0.0054588001221418381,-0.0037015452980995178,-0.54258149862289429,-0.34933531284332275,-0.31283974647521973,0,0
992,3,20941.177651473419,0,0,-0.0085795149207115173,-0.0071382429450750351,-0.077591590583324432,-0.071326054632663727,-0.039836667478084564,0,0
994,5,43880.823255357092,1,1,0.00056754442630335689,0.0072111734189093113,1.3197462558746338,0.93912667036056519,1.0690592527389526,1,1
997,2,14978.557187146431,0,0,0.035638689994812012,0.036881275475025177,-0.46206879615783691,0.81167346239089966,0.82249641418457031,1,1
998,4,34200.841495442481,1,1,-0.014627156779170036,-0.01438248623162508,-0.12815819680690765,-0.27247783541679382,-0.26213544607162476,0,0
1001,5,44012.805776961948,1,1,-0.020456383004784584,-0.013879730366170406,0.10674463957548141,-0.24154268205165863,-0.10494677722454071,0,0
1002,2,19120.593098509398,0,0,-0.0031119422055780888,-0.0039712898433208466,-0.23760932683944702,0.03785666823387146,0.022203274071216583,1,1
1003,5,55311.283132746154,1,1,-0.027298575267195702,-0.026455491781234741,0.69131183624267578,-0.011513136327266693,0.015358962118625641,0,1
1004,1,12480.48675088641,0,0,0.02621057815849781,0.025355244055390358,0.2608259916305542,0.6234021782875061,0.59670388698577881,1,1
1005,1,12142.831043748971,0,0,0.028753669932484627,0.028069686144590378,-0.33848616480827332,0.67418557405471802,0.64987927675247192,1,1
1006,1,13547.49289309041,0,0,0.049803886562585831,0.048407088965177536,0.17980748414993286,1.0945402383804321,1.048284649848938,1,1
1007,1,13326.10070589136,0,0,0.024572087451815605,0.023287637159228325,-0.42327690124511719,0.59068292379379272,0.55619990825653076,1,1
1008,4,28461.16988017676,1,1,0.0056526088155806065,0.0088099557906389236,1.7695713043212891,1.3228180408477783,1.3825260400772095,1,1
1009,5,46343.133102370994,1,1,-0.038131710141897202,-0.032737612724304199,-0.30909860134124756,-0.85533607006072998,-0.73520100116729736,0,0
1010,4,30510.886863126841,1,1,0.013764993287622929,0.015882182866334915,0.0012513715773820877,0.37565943598747253,0.41191351413726807,1,1
1011,5,50516.841242072936,1,1,-0.021019861102104187,-0.017743771895766258,-0.14111554622650146,-0.4082619845867157,-0.33610963821411133,0,0
1012,5,56657.141630315498,1,1,0.0013978208880871534,0.0015579297905787826,-0.10831265151500702,0.059975039213895798,0.062581799924373627,1,1
1014,4,40979.173533533991,1,1,-0.013611972332000732,-0.016807060688734055,-0.56776642799377441,-0.52794408798217773,-0.58537095785140991,0,0
1016,5,56503.03156385789,1,1,0.015372584573924541,0.015610897913575172,0.63086915016174316,0.8026813268661499,0.80151879787445068,1,1
1018,5,58815.897695565553,1,1,-0.037447378039360046,-0.03838275745511055,0.11253765225410461,-0.57720470428466797,-0.5813223123550415,0,0
1019,3,22327.075123339171,0,0,-0.0041009350679814816,-0.0033629564568400383,2.10469651222229,0.018107332289218903,0.03412039577960968,1,1
1021,5,61092.565655737628,1,1,0.017561879009008408,0.015471168793737888,1.0198056697845459,1.0903551578521729,1.0427368879318237,1,1
1022,5,127080.69342669081,1,1,-0.069938018918037415,-0.10551532357931137,-0.91917335987091064,-1.8731422424316406,-2.543562650680542,0,0
1023,4,29884.182016805491,1,1,0.017781909555196762,0.020217128098011017,0.51525712013244629,0.77827733755111694,0.81923764944076538,1,1
1024,2,14644.496858121571,0,0,0.00016383595357183367,0.0015759459929540753,-0.79785913228988647,0.10327114164829254,0.1308724582195282,1,1
1025,4,28383.51488558434,1,1,0.0097480760887265205,0.01294483058154583,-0.085885949432849884,0.24078932404518127,0.29971563816070557,1,1
1026,2,15771.79897677543,0,0,-0.01385896373540163,-0.01301891915500164,-1.4501364231109619,-0.17675212025642395,-0.15503787994384766,0,0
1027,1,13269.01519170704,0,0,0.00070807157317176461,-0.00054741109488531947,-0.27578142285346985,0.11413905769586563,0.089276336133480072,1,1
1030,4,35927.887563247437,1,1,0.0020638166461139917,0.0014320736518129706,-0.2769903838634491,-0.032526537775993347,-0.045684635639190674,0,0
1033,1,8221.6220671318988,0,0,-0.0031209138687700033,-0.0018150262767449021,-0.95028525590896606,0.03767751157283783,0.064444020390510559,1,1
1034,5,47901.796918052103,1,1,-0.016094116494059563,-0.011490985751152039,-0.32760649919509888,-0.42687314748764038,-0.33059296011924744,0,0
1036,4,37105.492347634652,1,1,0.020626222714781761,0.019396888092160225,0.65806865692138672,0.92465251684188843,0.89274603128433228,1,1
1037,2,18608.759279179329,0,0,-0.018349332734942436,-0.018948942422866821,-1.2879421710968018,-0.26642093062400818,-0.27120578289031982,0,0
1038,2,16525.523994100709,0,0,0.014473359100520611,0.014930916018784046,-0.19843068718910217,0.38901999592781067,0.39249348640441895,1,1
1040,1,12466.294842470979,0,0,0.0018280961085110903,0.000979964854195714,0.19075138866901398,0.13650497794151306,0.1191973090171814,1,1
1041,5,42496.945827926058,1,1,-0.0037989460397511721,0.0035469508729875088,0.79398995637893677,0.52215778827667236,0.66750401258468628,1,1
1043,4,30122.67088382853,1,1,-0.020568085834383965,-0.018253890797495842,-0.34669294953346252,-0.52818620204925537,-0.47504857182502747,0,0
1045,3,27398.856414797348,1,0,0.034917693585157394,0.03308192640542984,0.14851531386375427,0.79727578163146973,0.84122228622436523,1,1
1046,2,16451.17939125597,0,0,0.046990290284156799,0.047485571354627609,-0.51297879219055176,1.0383551120758057,1.030232310295105,1,1
1047,1,13103.350441910199,0,0,0.009022887796163559,0.0078514739871025085,-0.16704264283180237,0.28017878532409668,0.25380870699882507,1,1
1048,1,8468.0123098674994,0,0,0.0077236960642039776,0.0089045492932200432,2.3853538036346436,0.25423502922058105,0.27443823218345642,1,1
1049,1,9243.3466852979473,0,0,0.0047962903045117855,0.0055836886167526245,-0.010057365521788597,0.19577726721763611,0.2093832790851593,1,1
1050,1,14085.256395664341,0,0,0.019713420420885086,0.018043724820017815,-0.26411956548690796,0.49365952610969543,0.45347276329994202,1,1
1051,2,16065.525317726209,0,0,-0.0059562562964856625,-0.0052652666345238686,-0.89694148302078247,-0.018941842019557953,-0.003145463764667511,0,0
1052,2,18828.30054575469,0,0,-0.0057351025752723217,-0.0064461217261850834,0.34070298075675964,-0.01452559232711792,-0.026278160512447357,0,0
1053,5,51028.502499115602,1,1,-0.013876133598387241,-0.01085969340056181,1.0730326175689697,0.49595087766647339,0.56030678749084473,1,1
1054,4,34173.134786585069,1,1,0.00067731004673987627,0.00093604077119380236,-0.30709469318389893,-0.079096429049968719,-0.074284359812736511,0,0
1055,3,22805.3578440192,0,0,-0.062203146517276764,-0.061707880347967148,-1.6316827535629272,-1.1421438455581665,-1.1088442802429199,0,0
1056,1,10914.1843244181,0,0,-0.0038608494214713573,-0.0039213402196764946,-0.34791967272758484,0.022901631891727448,0.023181773722171783,1,1
1057,4,38294.310229409843,1,1,0.0043111140839755535,0.0024784973356872797,0.23223012685775757,0.33175209164619446,0.29421660304069519,1,1
1058,3,24062.349550594328,1,0,-0.029884424060583115,-0.030027033761143684,-0.5004916787147522,-0.49676677584648132,-0.80215024948120117,0,0
1059,5,56652.727316321252,1,1,0.0020634306129068136,0.0022257787641137838,-0.51424133777618408,-0.1813468337059021,-0.17894871532917023,0,0
1060,3,21274.142898843249,0,0,0.0084598306566476822,0.0097321346402168274,0.61819308996200562,0.26893502473831177,0.29065045714378357,1,1
1061,2,18233.868015022861,0,0,0.0089270174503326416,0.0085176518186926842,0.20518124103546143,0.27826434373855591,0.26685899496078491,1,1
1062,2,15685.53943199264,0,0,0.034616254270076752,0.035500071942806244,-0.29713207483291626,0.79125630855560303,0.79543894529342651,1,1
1063,5,73844.074750909378,1,1,-0.036902621388435364,-0.045464258641004562,1.6878159046173096,0.42174670100212097,0.26802560687065125,1,1
1064,3,24568.049339137971,1,0,-0.012634194456040859,-0.013033430092036724,-0.65938347578048706,-0.15229451656341553,-0.56891196966171265,0,0
1065,2,18198.720466368231,0,0,-0.022635756060481071,-0.023027285933494568,-0.14061585068702698,-0.3520171046257019,-0.35109966993331909,0,0
1067,5,50716.238233441341,1,1,-0.0082775279879570007,-0.0051026260480284691,-0.052694108337163925,-0.098347343504428864,-0.033011063933372498,0,0
1068,5,48361.861447247669,1,1,-0.051586490124464035,-0.047216828912496567,0.18782123923301697,-0.81232988834381104,-0.70715928077697754,0,0
1069,2,18724.210107786501,0,0,-0.0092408042401075363,-0.0098990006372332573,0.086262673139572144,-0.084531433880329132,-0.093919329345226288,0,0
1073,2,19587.6010983704,0,0,-0.036974590271711349,-0.038070928305387497,-0.99282193183898926,-0.63835126161575317,-0.64580142498016357,0,0
